url,name,id,current_subs,last_subs,growth,growth_rate,update_time,short_video,long_video_avg_views,long_video_avg_interaction_rate,update_frequency_days,overall_avg_duration_seconds
https://www.youtube.com/channel/UCq16BSdQoT69ygM8rZyubug,🌊 Efeito View,UCq16BSdQoT69ygM8rZyubug,172000,0,0,0,2026-06-15 09:37:38,True,0.0,0.0,0.32,33.8
https://www.youtube.com/channel/UCerhap-h7mqMw6OgUHHq3Kg,VHx FTM,UCerhap-h7mqMw6OgUHHq3Kg,221000,0,0,0,2026-06-15 09:37:40,True,0.0,0.0,0.63,19.4
https://www.youtube.com/channel/UCi6vWIjQkOoWKqdfuyUIZCQ,𝗔𝗸𝗮𝗻𝗲 𝗕𝗹𝗼𝘀𝘀𝗼𝗺,UCi6vWIjQkOoWKqdfuyUIZCQ,107000,0,0,0,2026-06-15 09:37:59,True,0.0,0.0,3.37,28.7
https://www.youtube.com/channel/UC7ENsRMOP1zSgzFOjXdeJSw,Aeroméxico,UC7ENsRMOP1zSgzFOjXdeJSw,254000,0,0,0,2026-06-15 09:38:01,True,0.0,0.0,15.26,40.1
https://www.youtube.com/channel/UCriL9o4WlGQvTQw_pZ4ZqIQ,MUSIC AWARDS JAPAN / CEIPA,UCriL9o4WlGQvTQw_pZ4ZqIQ,259000,0,0,0,2026-06-15 09:38:19,True,175293,0.06,0.0,81.75
https://www.youtube.com/channel/UCU23GMwI7z5zSMCHIanbSkQ,KO1KEYZ,UCU23GMwI7z5zSMCHIanbSkQ,66800,0,0,0,2026-06-15 09:38:21,True,199213,0.07,0.57,66.73
https://www.youtube.com/channel/UC-a-Jqq-EWUFGEYsy6FW9LQ,あいりす。 I ris.,UC-a-Jqq-EWUFGEYsy6FW9LQ,37500,0,0,0,2026-06-15 09:38:23,True,11346,0.01,0.95,96.55
https://www.youtube.com/channel/UCw898sMX9Gy9658-tWcxzdw,FarmQuick,UCw898sMX9Gy9658-tWcxzdw,104000,0,0,0,2026-06-15 09:38:41,True,0.0,0.0,0.11,6.75
https://www.youtube.com/channel/UCuDKP-J2BfRFX0d8xQL2l6Q,히또,UCuDKP-J2BfRFX0d8xQL2l6Q,224000,0,0,0,2026-06-15 09:38:43,True,0.0,0.0,1.0,38.75
https://www.youtube.com/channel/UCqh_gleuOIleCy5Qmbo2j1Q,AION2,UCqh_gleuOIleCy5Qmbo2j1Q,230000,0,0,0,2026-06-15 09:38:45,True,152902,0.02,5.42,2894.8
https://www.youtube.com/channel/UCnUVXiMdlPmDI9NAnX1AlGQ,업비트 - Upbit Official,UCnUVXiMdlPmDI9NAnX1AlGQ,122000,0,0,0,2026-06-15 09:38:47,True,26328,0.03,0.05,816.85
https://www.youtube.com/channel/UC3VtfhlySbsmb_O7yImh35Q,SEUNGJAENIM 승재님,UC3VtfhlySbsmb_O7yImh35Q,221000,0,0,0,2026-06-15 09:38:49,True,0.0,0.0,0.89,30.4
https://www.youtube.com/channel/UCh2nkYoiq6hae8ePxaZUgkw,빗썸 Bithumb Official ,UCh2nkYoiq6hae8ePxaZUgkw,114000,0,0,0,2026-06-15 09:38:51,True,22918,0.02,1.0,100.25
https://www.youtube.com/channel/UCXlnTrTTsfZFy3ghTlwDeFg,오똑이 [쓰러져도 다시 일어난다],UCXlnTrTTsfZFy3ghTlwDeFg,170000,0,0,0,2026-06-15 09:38:53,True,5256,0.01,7.5,191.05
https://www.youtube.com/channel/UCDwGp3xQZvMkcWdxhOfcMfA,라온이네하우스 Raonine House,UCDwGp3xQZvMkcWdxhOfcMfA,243000,0,0,0,2026-06-15 09:38:55,True,0.0,0.0,1.95,22.55
https://www.youtube.com/channel/UChfyZHzfjUkqBkOBmNIhdSQ,양홍원의 육아일기,UChfyZHzfjUkqBkOBmNIhdSQ,250000,0,0,0,2026-06-15 09:38:57,True,1617153,0.03,1.11,253.85
https://www.youtube.com/channel/UCviEyveOvBBi-cLkyHdAh9g,미라클붓다,UCviEyveOvBBi-cLkyHdAh9g,259000,0,0,0,2026-06-15 09:38:59,True,11470,0.01,6.0,171.05
https://www.youtube.com/channel/UCSzcmu0JP6tnHcIWJURbPOA,반전랭킹,UCSzcmu0JP6tnHcIWJURbPOA,294000,0,0,0,2026-06-15 09:39:02,True,0.0,0.0,2.58,31.1
https://www.youtube.com/channel/UCue8W0IVdMt7bZfhTsBKL2A,살림아리,UCue8W0IVdMt7bZfhTsBKL2A,45000,0,0,0,2026-06-15 09:39:04,True,0.0,0.0,0.95,38.4
https://www.youtube.com/channel/UC5fcTc4eyRC0D-DfaOXUsxg,# !! ꒰ 𝐌𝐚𝐧𝐨𝐧 ꒱ ,UC5fcTc4eyRC0D-DfaOXUsxg,62000,0,0,0,2026-06-15 09:39:16,True,14133,0.13,0.11,28.25
https://www.youtube.com/channel/UClh3KAs6xt0UEJO6BuYntUA,WAYF,UClh3KAs6xt0UEJO6BuYntUA,62800,0,0,0,2026-06-15 09:39:18,True,872985,0.06,39.38,78.78
https://www.youtube.com/channel/UCXsmrohIMOBIVZyesWGRB2Q,옥수수,UCXsmrohIMOBIVZyesWGRB2Q,30700,0,0,0,2026-06-15 09:39:20,True,0.0,0.0,1.53,48.75
https://www.youtube.com/channel/UC3YXsqHNcOCj8fIE3K8Mp3Q,문태환,UC3YXsqHNcOCj8fIE3K8Mp3Q,109000,0,0,0,2026-06-15 09:39:22,True,0.0,0.0,2.58,26.4
https://www.youtube.com/channel/UCJZcGNMm8zVEj1JamAesmow,원팬맨,UCJZcGNMm8zVEj1JamAesmow,116000,0,0,0,2026-06-15 09:39:25,True,0.0,0.0,3.21,38.55
https://www.youtube.com/channel/UCTdZyOFVzontd9MZOJDg8Qw,JTBC Sports,UCTdZyOFVzontd9MZOJDg8Qw,138000,0,0,0,2026-06-15 09:39:28,True,7113,0.02,0.0,92.35
https://www.youtube.com/channel/UCQzT4sEuYjljO0DM7WDbV9g,알렉스빡,UCQzT4sEuYjljO0DM7WDbV9g,227000,0,0,0,2026-06-15 09:39:30,True,0.0,0.0,11.84,49.55
https://www.youtube.com/channel/UC7tUukMcaSWqmSlH8FGOKhg,뿌밤쓰,UC7tUukMcaSWqmSlH8FGOKhg,13300,0,0,0,2026-06-15 09:39:32,True,0.0,0.0,0.47,12.2
https://www.youtube.com/channel/UC6wlIZ71WWHi7MLQuMoepIA,WAYF BOYS,UC6wlIZ71WWHi7MLQuMoepIA,23100,0,0,0,2026-06-15 09:39:34,True,0.0,0.0,0.27,48.17
https://www.youtube.com/channel/UCzrm4LqvHZ5R93MsD3oTOEw,꼬마수련,UCzrm4LqvHZ5R93MsD3oTOEw,61500,0,0,0,2026-06-15 09:39:36,True,126435,0.0,0.58,4807.9
https://www.youtube.com/channel/UCqNy9uROxLnobtIl1btzpqQ,주주줍줍,UCqNy9uROxLnobtIl1btzpqQ,91800,0,0,0,2026-06-15 09:39:38,True,0.0,0.0,0.47,21.3
https://www.youtube.com/channel/UCm_OUV4rklADjvXtOvvlN8A,지구촌픽,UCm_OUV4rklADjvXtOvvlN8A,112000,0,0,0,2026-06-15 09:39:41,True,0.0,0.0,0.53,41.5
https://www.youtube.com/channel/UCQM4e6F2Md_Q3sdIaracy9w,목표달성,UCQM4e6F2Md_Q3sdIaracy9w,121000,0,0,0,2026-06-15 09:39:43,True,1316998,0.04,1.89,589.85
https://www.youtube.com/channel/UCsifynrUfnAoe8wCcGqd0Vw,유난스런자덕생활 | 오지생활 | 오프로드,UCsifynrUfnAoe8wCcGqd0Vw,128000,0,0,0,2026-06-15 09:39:45,True,26763,0.02,1.68,324.3
https://www.youtube.com/channel/UC6pfHZyVjLQ0k-7BvDkAFfQ,김결,UC6pfHZyVjLQ0k-7BvDkAFfQ,132000,0,0,0,2026-06-15 09:39:48,True,57903,0.03,3.84,1092.3
https://www.youtube.com/channel/UCmzQ6QD_kRoerrc3Z450AIg,부끄부끄,UCmzQ6QD_kRoerrc3Z450AIg,150000,0,0,0,2026-06-15 09:39:50,True,0.0,0.0,20.32,16.8
https://www.youtube.com/channel/UCcdZP0iVAiSXyLimjU5GKWw,스페이스 푸디,UCcdZP0iVAiSXyLimjU5GKWw,163000,0,0,0,2026-06-15 09:39:52,True,0.0,0.0,4.58,18.25
https://www.youtube.com/channel/UCKFEPHzS5rCu6ePveGFAr9g,Lattech 라떼크,UCKFEPHzS5rCu6ePveGFAr9g,170000,0,0,0,2026-06-15 09:39:54,True,25935,0.04,2.11,257.7
https://www.youtube.com/channel/UCyxP3mlMUKP0aQ9DNYe1DYw,Memory Groove ,UCyxP3mlMUKP0aQ9DNYe1DYw,185000,0,0,0,2026-06-15 09:39:56,True,0.0,0.0,1.05,35.75
https://www.youtube.com/channel/UCgdGF39lu_7vcrsCLcQ3nfg,어노잉레이블,UCgdGF39lu_7vcrsCLcQ3nfg,42000,0,0,0,2026-06-15 09:39:58,True,222130,0.05,0.5,203.13
https://www.youtube.com/channel/UCUML8YI98b4glAC_vFEDqsQ,AKI_아키,UCUML8YI98b4glAC_vFEDqsQ,16700,0,0,0,2026-06-15 09:40:11,True,282,0.06,1.84,35.5
https://www.youtube.com/channel/UC3056mrkYZkl9usOQncsfvA,아르케 히스토리,UC3056mrkYZkl9usOQncsfvA,19200,0,0,0,2026-06-15 09:40:13,True,123253,0.02,14.75,802.33
https://www.youtube.com/channel/UCZ5_MPMyZm4bliI0279e1Bg,Music fever forever,UCZ5_MPMyZm4bliI0279e1Bg,67700,0,0,0,2026-06-15 09:40:15,False,1456,0.03,0.21,177.3
https://www.youtube.com/channel/UC2zvQmDmTKccmEtDGT5y3BA,TEKOKITO,UC2zvQmDmTKccmEtDGT5y3BA,71200,0,0,0,2026-06-15 09:40:17,True,52977,0.04,33.47,163.0
https://www.youtube.com/channel/UCr2N8SjSRH454wEjOMQxUYw,달맞이TV  (タルマジTV),UCr2N8SjSRH454wEjOMQxUYw,85000,0,0,0,2026-06-15 09:40:19,False,14112,0.05,2.32,201.55
https://www.youtube.com/channel/UC2oP74F0FiE1jWQPy31YUVw,랭킹공,UC2oP74F0FiE1jWQPy31YUVw,46900,0,0,0,2026-06-15 09:40:21,True,0.0,0.0,0.47,34.6
https://www.youtube.com/channel/UCzTZLrV5SXJswiV_5muor6Q,B THE HOOD (비더후드),UCzTZLrV5SXJswiV_5muor6Q,32900,0,0,0,2026-06-15 09:40:23,True,0.0,0.0,1.62,49.78
https://www.youtube.com/channel/UCKLs_0zI1flx6PHGUCNqbaw,유튜브하지영,UCKLs_0zI1flx6PHGUCNqbaw,95800,0,0,0,2026-06-15 09:40:25,True,147927,0.04,1.0,144.8
https://www.youtube.com/channel/UChYYQNjOL1ag5MIoJbsgVbQ,타임싸커,UChYYQNjOL1ag5MIoJbsgVbQ,25700,0,0,0,2026-06-15 09:40:27,True,573596,0.02,2.63,95.1
https://www.youtube.com/channel/UCIJP1PqulJ1VC3dkJtKtwpg,K-humor,UCIJP1PqulJ1VC3dkJtKtwpg,32800,0,0,0,2026-06-15 09:40:29,True,356672,0.03,2.16,108.25
https://www.youtube.com/channel/UCfSrVtspmA_8rSeNuCOvyag,박세현의 크로스뷰,UCfSrVtspmA_8rSeNuCOvyag,47200,0,0,0,2026-06-15 09:40:31,True,25835,0.08,1.58,229.7
https://www.youtube.com/channel/UC2RP-JjdVFEh9gfuZoZ4mZQ,스피키 Speaki Cuayo ｽﾋﾟｷ  斯嗶奇,UC2RP-JjdVFEh9gfuZoZ4mZQ,78600,0,0,0,2026-06-15 09:40:33,True,0.0,0.0,0.26,17.55
https://www.youtube.com/channel/UCQgb0dV_eCPcCX3s34CuSXA,컬러구슬,UCQgb0dV_eCPcCX3s34CuSXA,100000,0,0,0,2026-06-15 09:40:35,True,3037,0.0,1.05,77.9
https://www.youtube.com/channel/UCSfZHlG4LK36GeZtpPFwM9Q,김찐곰 유튜브 ,UCSfZHlG4LK36GeZtpPFwM9Q,51600,0,0,0,2026-06-15 09:40:37,True,0.0,0.0,0.21,20.35
https://www.youtube.com/channel/UCTkDMEKuLdDtBJoYX5GEbJw,첼로피아CelloPia,UCTkDMEKuLdDtBJoYX5GEbJw,73900,0,0,0,2026-06-15 09:40:39,True,64892,0.05,0.53,4783.85
https://www.youtube.com/channel/UCEEKjWxonJAc4rWagrvMRBw,메디컬TV MedicalTV,UCEEKjWxonJAc4rWagrvMRBw,25299,0,0,0,2026-06-15 09:40:41,False,9486,0.03,2.26,329.1
https://www.youtube.com/channel/UCm9icYWvuMDJAEBg7_69jqA,제우스: 오만의 신,UCm9icYWvuMDJAEBg7_69jqA,13000,0,0,0,2026-06-15 09:40:43,True,215648,0.0,36.0,126.5
https://www.youtube.com/channel/UCKFVnitPY_30Q2KCRq9VCLw,김양림,UCKFVnitPY_30Q2KCRq9VCLw,19200,0,0,0,2026-06-15 09:40:45,True,0.0,0.0,0.32,30.4
https://www.youtube.com/channel/UCxR4o2eiQz_nc2dUXGyysCw,잠티,UCxR4o2eiQz_nc2dUXGyysCw,106000,0,0,0,2026-06-15 09:40:47,True,155636,0.04,5.11,308.8
https://www.youtube.com/channel/UC3G7lZ4HW8DGMw7ikkdjxkQ,주윈,UC3G7lZ4HW8DGMw7ikkdjxkQ,109000,0,0,0,2026-06-15 09:40:49,True,20450,0.03,1.0,81.4
https://www.youtube.com/channel/UCHcv-ZoiaJkwJ2TPIoueXiA,Anonimos,UCHcv-ZoiaJkwJ2TPIoueXiA,43700,0,0,0,2026-06-15 09:41:17,True,19126,0.26,0.0,709.5
https://www.youtube.com/channel/UChdoSKv0N7S9CgEPBPt5G_Q,Ann Russell,UChdoSKv0N7S9CgEPBPt5G_Q,163000,0,0,0,2026-06-15 09:41:19,True,278694,0.07,0.79,149.1
https://www.youtube.com/channel/UC1EOq54gWB1o1x_0rjp-obQ,Dustin Chill,UC1EOq54gWB1o1x_0rjp-obQ,219000,0,0,0,2026-06-15 09:41:21,True,0.0,0.0,0.47,23.05
https://www.youtube.com/channel/UCYsIkpTMieyeFJbUgBhlCDw,YTBenBlox,UCYsIkpTMieyeFJbUgBhlCDw,81300,0,0,0,2026-06-15 09:41:40,False,93999,0.03,0.63,10785.55
https://www.youtube.com/channel/UCMmnINhQgV0ZJ5Un4cj76gg,Bilaya Family | Bilal & Aya,UCMmnINhQgV0ZJ5Un4cj76gg,147000,0,0,0,2026-06-15 09:41:44,True,0.0,0.0,0.42,81.8
https://www.youtube.com/channel/UC62gxKJCYfrpeO-mCiaDjhw,InstantRanked,UC62gxKJCYfrpeO-mCiaDjhw,262000,0,0,0,2026-06-15 09:41:47,True,0.0,0.0,0.32,33.55
https://www.youtube.com/channel/UCX1xCT0cvnrMQW2tF73xBoQ,GLOBAL FLEX FILES,UCX1xCT0cvnrMQW2tF73xBoQ,81700,0,0,0,2026-06-15 09:41:49,True,0.0,0.0,1.63,15.5
https://www.youtube.com/channel/UCsvLVG88SnkIYmJNLL9boTw,Kamiliahearts,UCsvLVG88SnkIYmJNLL9boTw,33400,0,0,0,2026-06-15 09:41:51,True,0.0,0.0,0.42,22.95
https://www.youtube.com/channel/UCIGnm_PJAyJgFufU4FOqP_A,Bobby295K,UCIGnm_PJAyJgFufU4FOqP_A,228000,0,0,0,2026-06-15 09:41:53,True,0.0,0.0,1.84,28.65
https://www.youtube.com/channel/UCwRx6l5SWLVb_JThK_hWzjA,TOYOTA RACING,UCwRx6l5SWLVb_JThK_hWzjA,31400,0,0,0,2026-06-15 09:41:55,True,15490,0.02,0.11,1293.8
https://www.youtube.com/channel/UChf-C75g3qT-5C4Od7qoHLg,GLC,UChf-C75g3qT-5C4Od7qoHLg,70300,0,0,0,2026-06-15 09:41:57,True,0.0,0.0,1.0,26.75
https://www.youtube.com/channel/UCVfGzBeVLKL_M_cK2E9Xv6Q,ЖИТЬ ЗДОРОВО,UCVfGzBeVLKL_M_cK2E9Xv6Q,122000,0,0,0,2026-06-15 09:41:59,True,22190,0.05,0.11,87.3
https://www.youtube.com/channel/UCarErujK3ACMKFXQeefEVhA,5 Minuten Tricks VS,UCarErujK3ACMKFXQeefEVhA,132000,0,0,0,2026-06-15 09:42:01,True,807,0.01,0.16,412.3
https://www.youtube.com/channel/UCiTEc3nit-KwvINIKiGFifw,Erika Ghein ,UCiTEc3nit-KwvINIKiGFifw,133000,0,0,0,2026-06-15 09:42:03,True,395560,0.04,0.37,108.1
https://www.youtube.com/channel/UCA0KeaGDjNAJs0ihc_rAiGA,FunFacts de,UCA0KeaGDjNAJs0ihc_rAiGA,159000,0,0,0,2026-06-15 09:42:07,True,96654,0.11,0.53,337.2
https://www.youtube.com/channel/UCjvPTqMBkixmHBqn_ng-pQw,Leandro de la Vega,UCjvPTqMBkixmHBqn_ng-pQw,198000,0,0,0,2026-06-15 09:42:09,True,300030,0.0,2.89,81.35
https://www.youtube.com/channel/UCgKJfi2-s8G4ud0Oy-n66YA,Eva Niksen Deutsch,UCgKJfi2-s8G4ud0Oy-n66YA,60000,0,0,0,2026-06-15 09:42:11,False,578840,0.0,2.26,1585.85
https://www.youtube.com/channel/UCnoSUaZVkaZGVEeklhFWyAQ,Snowzen,UCnoSUaZVkaZGVEeklhFWyAQ,30900,0,0,0,2026-06-15 09:42:13,True,36936,0.01,0.32,3458.15
https://www.youtube.com/channel/UCM2jx3So1gSUFrDSDnyBnmg,TheBakonHacker,UCM2jx3So1gSUFrDSDnyBnmg,22000,0,0,0,2026-06-15 09:42:15,True,1442,0.04,0.11,39.95
https://www.youtube.com/channel/UCpPP8uVXa8R8Rbb8w6gWhxg,UrbanfishPOV,UCpPP8uVXa8R8Rbb8w6gWhxg,41800,0,0,0,2026-06-15 09:42:17,True,51712,0.01,1.37,91.95
https://www.youtube.com/channel/UC58QXC_D86wb5KycGgwuuyg,makethedit,UC58QXC_D86wb5KycGgwuuyg,59600,0,0,0,2026-06-15 09:42:19,True,0.0,0.0,5.05,55.45
https://www.youtube.com/channel/UC9kEt1sWBv2lLeVYKltsqGw,Blumengarten,UC9kEt1sWBv2lLeVYKltsqGw,28100,0,0,0,2026-06-15 09:42:21,True,17348,0.05,22.79,227.2
https://www.youtube.com/channel/UCF_mtjDvq-OBymyYAj3nlDg,Ninja.Killer,UCF_mtjDvq-OBymyYAj3nlDg,87400,0,0,0,2026-06-15 09:42:34,True,0.0,0.0,5.84,20.9
https://www.youtube.com/channel/UCidtYx4xc8bE53hT6fHkNJw,AngeloPlays,UCidtYx4xc8bE53hT6fHkNJw,117000,0,0,0,2026-06-15 09:42:36,True,0.0,0.0,1.0,26.5
https://www.youtube.com/channel/UCAGFIevZF5zYUoO9WWXXruw,Khabat adel | خبات عادل ,UCAGFIevZF5zYUoO9WWXXruw,119000,0,0,0,2026-06-15 09:42:38,True,212,0.15,1.0,79.75
https://www.youtube.com/channel/UC5dBaNhSsbcOnAlMJ4mVB9A,RetroWave Shorts,UC5dBaNhSsbcOnAlMJ4mVB9A,121000,0,0,0,2026-06-15 09:42:40,True,0.0,0.0,0.42,54.5
https://www.youtube.com/channel/UCyJkohxAWIx6Ohvh3AXlSwQ,Campus Founders,UCyJkohxAWIx6Ohvh3AXlSwQ,128000,0,0,0,2026-06-15 09:42:42,True,61296,0.0,6.32,103.0
https://www.youtube.com/channel/UCPR1tzTGQV2Unxsrr4XuLQg,Hans Maggi,UCPR1tzTGQV2Unxsrr4XuLQg,132000,0,0,0,2026-06-15 09:42:44,True,319258,0.04,14.32,1700.5
https://www.youtube.com/channel/UCWZ5GnuVfXc-vc_L_9XjMGg,DOKTOR LIGHT GOLD,UCWZ5GnuVfXc-vc_L_9XjMGg,76100,0,0,0,2026-06-15 09:42:46,False,715705,0.01,4.72,6037.05
https://www.youtube.com/channel/UCl6wmthdJPG8itzGFCXcmNA,Christian Lohmeyer,UCl6wmthdJPG8itzGFCXcmNA,32599,0,0,0,2026-06-15 09:42:48,True,43997,0.18,0.84,278.4
https://www.youtube.com/channel/UCYiX_NlP09GcWg5QkL1-F-Q,Anglikosik De,UCYiX_NlP09GcWg5QkL1-F-Q,37300,0,0,0,2026-06-15 09:42:50,False,99590,0.01,2.11,1789.75
https://www.youtube.com/channel/UCjN23ihHpaG8z2Ulll2f22w,yuki,UCjN23ihHpaG8z2Ulll2f22w,57800,0,0,0,2026-06-15 09:42:52,True,33715,0.03,0.47,40.85
https://www.youtube.com/channel/UC50DUs0H725BfFAIZkqh0cQ,Relic Slides,UC50DUs0H725BfFAIZkqh0cQ,88200,0,0,0,2026-06-15 09:42:54,True,0.0,0.0,0.53,32.15
https://www.youtube.com/channel/UC517sbBbyVSxY-gOT84zISQ,GINO,UC517sbBbyVSxY-gOT84zISQ,59000,0,0,0,2026-06-15 09:42:56,True,0.0,0.0,0.79,45.25
https://www.youtube.com/channel/UCcuM2DS7xWwwPl35U414AEQ,MajidReddit,UCcuM2DS7xWwwPl35U414AEQ,46600,0,0,0,2026-06-15 09:42:58,False,1249197,0.03,0.53,176.0
https://www.youtube.com/channel/UC7kbxjzfKS5mqc48m3YQmtw,Gimme Rumi More,UC7kbxjzfKS5mqc48m3YQmtw,47900,0,0,0,2026-06-15 09:43:00,True,0.0,0.0,0.47,31.2
https://www.youtube.com/channel/UCDYbwJKtNpnJI8mZnae83Bg,NAUJOXX,UCDYbwJKtNpnJI8mZnae83Bg,73200,0,0,0,2026-06-15 09:43:02,True,123353,0.06,0.74,129.55
https://www.youtube.com/channel/UC1OXcD-XO0gdq-woUtYLHHg,Zain Viral 🔥”,UC1OXcD-XO0gdq-woUtYLHHg,10000,0,0,0,2026-06-15 09:43:04,True,216,0.02,0.74,27.1
https://www.youtube.com/channel/UCn0TWyDb7SZ-w7-JIsElbkQ,sabrina,UCn0TWyDb7SZ-w7-JIsElbkQ,16100,0,0,0,2026-06-15 09:43:06,True,0.0,0.0,0.74,19.0
https://www.youtube.com/channel/UCslNkGa96rjBzCX2U7-EwPg,Pom P Arena,UCslNkGa96rjBzCX2U7-EwPg,14500,0,0,0,2026-06-15 09:43:08,False,40354,0.02,0.37,265.45
https://www.youtube.com/channel/UCHnyvYH-GOzT-qjpSRh48jA,Manthey,UCHnyvYH-GOzT-qjpSRh48jA,26700,0,0,0,2026-06-15 09:43:10,True,11285,0.03,2.89,7720.4
https://www.youtube.com/channel/UCFaIynMSnsHVt1YwDo7z6eQ,The Syzes,UCFaIynMSnsHVt1YwDo7z6eQ,49000,0,0,0,2026-06-15 09:43:12,True,21250,0.08,91.53,409.85
https://www.youtube.com/channel/UCNHd5q0SP95FWF3ROISYY0w,BIG Carnivorous Plants,UCNHd5q0SP95FWF3ROISYY0w,142000,0,0,0,2026-06-15 09:43:35,True,0.0,0.0,3.95,14.7
https://www.youtube.com/channel/UCDQtBi3dIqo_F3xjh9ETT1Q,Estellemakeuup,UCDQtBi3dIqo_F3xjh9ETT1Q,122000,0,0,0,2026-06-15 09:43:37,True,7454,0.06,0.42,81.15
https://www.youtube.com/channel/UCJZNitAvwzuikbTs1hs2Vww,Broda Sosa,UCJZNitAvwzuikbTs1hs2Vww,78400,0,0,0,2026-06-15 09:43:39,True,92,0.0,0.16,2116.65
https://www.youtube.com/channel/UCmUPMZ2l_08TmCEz46W9xHQ,Julia's Hands,UCmUPMZ2l_08TmCEz46W9xHQ,41100,0,0,0,2026-06-15 09:43:41,True,268502,0.07,4.16,60.35
https://www.youtube.com/channel/UCqQlwzyqQQ5_xDhzBpAoXYA,M6+ - Coupe du Monde de football de la FIFA 2026™,UCqQlwzyqQQ5_xDhzBpAoXYA,36900,0,0,0,2026-06-15 09:43:43,True,39201,0.02,0.0,324.7
https://www.youtube.com/channel/UC2ifnaNpkWUXXVeaYAc5acQ,ShortDrama Cn FR,UC2ifnaNpkWUXXVeaYAc5acQ,80100,0,0,0,2026-06-15 09:43:45,False,83493,0.02,1.0,8806.62
https://www.youtube.com/channel/UCKNOFPTMtgOTPHYIU03SGAg,Le Lyonnais,UCKNOFPTMtgOTPHYIU03SGAg,163000,0,0,0,2026-06-15 09:43:47,True,0.0,0.0,0.42,51.7
https://www.youtube.com/channel/UCtjrKq_aixmcDHaBesa1n9Q,Brocolego,UCtjrKq_aixmcDHaBesa1n9Q,173000,0,0,0,2026-06-15 09:43:50,True,0.0,0.0,1.84,26.75
https://www.youtube.com/channel/UCgEraUnWIOimEbxQPHwEPWw,ترند شوك,UCgEraUnWIOimEbxQPHwEPWw,90399,0,0,0,2026-06-15 09:43:52,True,0.0,0.0,0.26,25.1
https://www.youtube.com/channel/UCQp4uXzHJKOXXcMO__dS7sQ,LempireduNet,UCQp4uXzHJKOXXcMO__dS7sQ,32100,0,0,0,2026-06-15 09:43:54,True,57805,0.03,0.74,70.95
https://www.youtube.com/channel/UCPfNURpqzENzkKu3UtUfgcg,SnapAnima,UCPfNURpqzENzkKu3UtUfgcg,75900,0,0,0,2026-06-15 09:43:56,True,27959,0.11,0.16,126.55
https://www.youtube.com/channel/UCitno9icNS-pRRdYIBPFaSg,E=m6 - M6+,UCitno9icNS-pRRdYIBPFaSg,45100,0,0,0,2026-06-15 09:43:58,False,10372,0.03,1.0,793.15
https://www.youtube.com/channel/UCOgx6yO0cUAPcNgsDnRb47g,two Man,UCOgx6yO0cUAPcNgsDnRb47g,14000,0,0,0,2026-06-15 09:44:01,True,0.0,0.0,0.21,35.9
https://www.youtube.com/channel/UCic8iBBvFw--eup-fTVQ06A,MrTruite,UCic8iBBvFw--eup-fTVQ06A,112000,0,0,0,2026-06-15 09:44:03,True,0.0,0.0,4.0,35.75
https://www.youtube.com/channel/UCClLKpBmml0n9beyx5n3nLQ,The school of LEVERAGE ,UCClLKpBmml0n9beyx5n3nLQ,120000,0,0,0,2026-06-15 09:44:05,True,0.0,0.0,0.47,56.1
https://www.youtube.com/channel/UCG3aLCpqk5uiAx29t9zouIw,ImDylanOff2,UCG3aLCpqk5uiAx29t9zouIw,119000,0,0,0,2026-06-15 09:44:07,True,5012,0.08,5.11,360.6
https://www.youtube.com/channel/UCkRWkQkZ9WgVpFvcAHs9sQQ,Sang D'encres,UCkRWkQkZ9WgVpFvcAHs9sQQ,12000,0,0,0,2026-06-15 09:44:09,True,102789,0.04,4.84,157.6
https://www.youtube.com/channel/UCzj-RqhbH_nqy71Vkv3YE_g,maestro_ryan10 ,UCzj-RqhbH_nqy71Vkv3YE_g,15900,0,0,0,2026-06-15 09:44:11,True,69214,0.03,0.26,126.35
https://www.youtube.com/channel/UCYvlij4hpfoICpfM2m62wwA,Willylancien,UCYvlij4hpfoICpfM2m62wwA,53900,0,0,0,2026-06-15 09:44:13,False,1538093,0.01,13.0,170.67
https://www.youtube.com/channel/UCNe499HbduGFVhi-1zUf5kw,Nabominabletv,UCNe499HbduGFVhi-1zUf5kw,13000,0,0,0,2026-06-15 09:44:26,True,0.0,0.0,2.95,75.65
https://www.youtube.com/channel/UCQ1EaPM807C08ISDGjc-Q3A,Chantier Brut 🏗️,UCQ1EaPM807C08ISDGjc-Q3A,57500,0,0,0,2026-06-15 09:44:28,True,0.0,0.0,0.47,62.05
https://www.youtube.com/channel/UC7Gr0-cud7wC5TXEAC9sDiA,Valentin_La_Fortune,UC7Gr0-cud7wC5TXEAC9sDiA,64800,0,0,0,2026-06-15 09:44:30,True,0.0,0.0,0.21,53.0
https://www.youtube.com/channel/UCsN_GqpIxEkNCvyRaGhLcpw,Abed-nego Toulgou,UCsN_GqpIxEkNCvyRaGhLcpw,86500,0,0,0,2026-06-15 09:44:32,True,0.0,0.0,0.21,69.6
https://www.youtube.com/channel/UCH2BirV5cWCLvLrO4sJH_XA,Étoile d'Amour,UCH2BirV5cWCLvLrO4sJH_XA,25200,0,0,0,2026-06-15 09:44:34,False,27249,0.02,0.94,7990.78
https://www.youtube.com/channel/UC6zpx432f1ECxd_PK2KyKIA,Garo,UC6zpx432f1ECxd_PK2KyKIA,41100,0,0,0,2026-06-15 09:44:36,True,0.0,0.0,0.26,55.9
https://www.youtube.com/channel/UCee40seomgqTBPZEaZ01Xxw,ZIGENSHOR Prod,UCee40seomgqTBPZEaZ01Xxw,72900,0,0,0,2026-06-15 09:44:38,True,211324,0.05,36.74,152.7
https://www.youtube.com/channel/UC8r6BPTloGsUhc9dncRjj0Q,Music Bouncing Ball,UC8r6BPTloGsUhc9dncRjj0Q,25000,0,0,0,2026-06-15 09:44:40,True,55554,0.02,1.0,54.25
https://www.youtube.com/channel/UCj7Uz9XQr1TJIH9iay_9S4A,Lpedhd Shepdjf,UCj7Uz9XQr1TJIH9iay_9S4A,29900,0,0,0,2026-06-15 09:44:43,True,0.0,0.0,0.11,8.45
https://www.youtube.com/channel/UC1ZDsBuKU57G_CNW1YHNCnQ,WARRIOR FC,UC1ZDsBuKU57G_CNW1YHNCnQ,37500,0,0,0,2026-06-15 09:44:45,True,0.0,0.0,0.63,35.35
https://www.youtube.com/channel/UCAAsMf22zyCbapqfldZuiOQ,TechDye,UCAAsMf22zyCbapqfldZuiOQ,48600,0,0,0,2026-06-15 09:44:47,True,14416,0.03,1.89,53.35
https://www.youtube.com/channel/UC1E76sKFwLN2MJqI-KTWcvQ,Elfhame,UC1E76sKFwLN2MJqI-KTWcvQ,81100,0,0,0,2026-06-15 09:44:49,True,343624,0.08,68.0,251.64
https://www.youtube.com/channel/UCDQSN6Sz5f7HI39lduDrw_w,Yannick237,UCDQSN6Sz5f7HI39lduDrw_w,13600,0,0,0,2026-06-15 09:44:52,True,1091,0.03,0.47,82.75
https://www.youtube.com/channel/UCPwvWDZV5AoDauzzDDwAmjQ,AxonHub - Roblox,UCPwvWDZV5AoDauzzDDwAmjQ,36300,0,0,0,2026-06-15 09:44:53,True,56892,0.33,25.54,113.79
https://www.youtube.com/channel/UCBQpCxQGcrX9bUf1GAHUzBg,Melad Shakkouf,UCBQpCxQGcrX9bUf1GAHUzBg,67200,0,0,0,2026-06-15 09:44:56,True,0.0,0.0,4.16,57.35
https://www.youtube.com/channel/UCFm1zRkaQQeB2aeQVXUvsMw,les astuces bien etre de mamie odette,UCFm1zRkaQQeB2aeQVXUvsMw,15400,0,0,0,2026-06-15 09:44:58,True,388,0.07,0.63,173.85
https://www.youtube.com/channel/UCB49gE69QhXJDnod6yLNNBA,Xeilos Trading | École de Trading N°1 France,UCB49gE69QhXJDnod6yLNNBA,33500,0,0,0,2026-06-15 09:45:00,True,2778,0.05,0.47,2332.55
https://www.youtube.com/channel/UCT0oCJPMbhblPoW0QvYbSoA,CultivEsprit,UCT0oCJPMbhblPoW0QvYbSoA,69900,0,0,0,2026-06-15 09:45:02,True,0.0,0.0,0.26,21.05
https://www.youtube.com/channel/UC-HRRlYVW8q2cYFE40r12uw,Insane Flash Vids,UC-HRRlYVW8q2cYFE40r12uw,71000,0,0,0,2026-06-15 09:45:04,True,0.0,0.0,0.11,27.2
https://www.youtube.com/channel/UCgkGVv0G7ci_8hUp-z-Mgcg,Raymond Officiel,UCgkGVv0G7ci_8hUp-z-Mgcg,74500,0,0,0,2026-06-15 09:45:06,True,37584,0.04,0.42,60.85
https://www.youtube.com/channel/UCCB693WT1H1EC91QBIB3UOQ,Lbaroudi info,UCCB693WT1H1EC91QBIB3UOQ,34400,0,0,0,2026-06-15 09:45:28,True,183029,0.04,1.11,572.15
https://www.youtube.com/channel/UCbZNofwjWieoEL08afmnILw,LlagartoCollectables - Shorts,UCbZNofwjWieoEL08afmnILw,63200,0,0,0,2026-06-15 09:45:31,True,1699,0.02,0.32,38.95
https://www.youtube.com/channel/UCNyFYpV7jTAsbqpiT_mY0vQ,El Diario De Jazmín,UCNyFYpV7jTAsbqpiT_mY0vQ,298000,0,0,0,2026-06-15 09:45:33,True,0.0,0.0,0.47,24.2
https://www.youtube.com/channel/UCEMl148mcj_vosoXS0T_D3Q,Sara Nieto,UCEMl148mcj_vosoXS0T_D3Q,80100,0,0,0,2026-06-15 09:45:35,True,417253,0.04,4.63,396.95
https://www.youtube.com/channel/UCzG4CtU2FAayNpCloWpyg8g,NeuroPulse,UCzG4CtU2FAayNpCloWpyg8g,219000,0,0,0,2026-06-15 09:45:37,True,0.0,0.0,1.05,25.65
https://www.youtube.com/channel/UC6tHxOxM7oiR89jZt1s5X_Q,Food Hub,UC6tHxOxM7oiR89jZt1s5X_Q,20000,0,0,0,2026-06-15 09:45:39,True,0.0,0.0,1.83,31.53
https://www.youtube.com/channel/UCfkKWkUPPZGCFBQzFQCV7VA,Voz de Oración Católica ⭐,UCfkKWkUPPZGCFBQzFQCV7VA,60700,0,0,0,2026-06-15 09:45:41,True,428,0.01,0.16,1304.3
https://www.youtube.com/channel/UCkogz83ik8JIH_mFa0qOp2g,APEX ,UCkogz83ik8JIH_mFa0qOp2g,153000,0,0,0,2026-06-15 09:45:43,True,39961,0.03,0.32,68.6
https://www.youtube.com/channel/UC4tEU4XUl-2JNwNVA6G8DLg,Contextoviral,UC4tEU4XUl-2JNwNVA6G8DLg,91500,0,0,0,2026-06-15 09:45:45,True,696,0.0,1.74,56.25
https://www.youtube.com/channel/UCcaZ1GFfU3Ecz3fzuKx6bZA,Moi Vega,UCcaZ1GFfU3Ecz3fzuKx6bZA,242000,0,0,0,2026-06-15 09:45:47,True,0.0,0.0,0.05,13.4
https://www.youtube.com/channel/UCf-SMt2ssoys3Jj_m1EqDuQ,Lyna y Mandarina,UCf-SMt2ssoys3Jj_m1EqDuQ,51000,0,0,0,2026-06-15 09:45:49,False,183629,0.02,3.44,2874.9
https://www.youtube.com/channel/UCmi8htjvxg1zNvTv5yEp8jg,IlusioLab,UCmi8htjvxg1zNvTv5yEp8jg,169000,0,0,0,2026-06-15 09:45:51,True,10704,0.01,0.58,54.0
https://www.youtube.com/channel/UCHgjLObeeOmFtV0otoq2l_A,Faith D. Sarver,UCHgjLObeeOmFtV0otoq2l_A,186000,0,0,0,2026-06-15 09:45:53,True,0.0,0.0,0.05,9.25
https://www.youtube.com/channel/UCFyipKgYzkKWRKQqPQRddBQ,TecladoYRaton,UCFyipKgYzkKWRKQqPQRddBQ,207000,0,0,0,2026-06-15 09:45:55,True,83546,0.03,1.42,6960.45
https://www.youtube.com/channel/UCegUo1G3FqYPPV3HqUyYCSg,Lorena Isasi - Entrenadora y Ciclista ,UCegUo1G3FqYPPV3HqUyYCSg,36300,0,0,0,2026-06-15 09:46:08,True,3143,0.03,37.68,381.8
https://www.youtube.com/channel/UCcjejYIXdqXJFJRn6LUUpqw,Pablo Lluch,UCcjejYIXdqXJFJRn6LUUpqw,189000,0,0,0,2026-06-15 09:46:10,True,56841,0.04,2.21,107.85
https://www.youtube.com/channel/UC-hxMsOcUoXw_Xz1UaUBthA,Youtube_Waiting,UC-hxMsOcUoXw_Xz1UaUBthA,197000,0,0,0,2026-06-15 09:46:12,True,166,0.02,0.53,205.05
https://www.youtube.com/channel/UC3B1YXHldhKHQ5hY3n-f_9w,FIM MotoJunior,UC3B1YXHldhKHQ5hY3n-f_9w,229000,0,0,0,2026-06-15 09:46:14,True,183349,0.01,0.11,1103.3
https://www.youtube.com/channel/UCloMaeQJR0BDPOG-XMfd3mg,vanciox,UCloMaeQJR0BDPOG-XMfd3mg,172000,0,0,0,2026-06-15 09:46:28,True,0.0,0.0,0.05,10.5
https://www.youtube.com/channel/UC3LVVyojM6eNdQSlOBxIk1g,Fenik,UC3LVVyojM6eNdQSlOBxIk1g,44100,0,0,0,2026-06-15 09:46:30,True,0.0,0.0,0.88,28.56
https://www.youtube.com/channel/UCgu0fySTFXVDwjo6USKMIZA,The Squad Italia,UCgu0fySTFXVDwjo6USKMIZA,56000,0,0,0,2026-06-15 09:46:32,True,46587,0.04,0.11,50.45
https://www.youtube.com/channel/UCcVXr-8aYqWVa6H6n32xC2w,LeoNaus,UCcVXr-8aYqWVa6H6n32xC2w,92200,0,0,0,2026-06-15 09:46:34,True,0.0,0.0,0.32,18.55
https://www.youtube.com/channel/UCflaHpM6C4mE1IKpcC_EWmg,Diario di Luna,UCflaHpM6C4mE1IKpcC_EWmg,106000,0,0,0,2026-06-15 09:46:36,True,0.0,0.0,0.58,36.5
https://www.youtube.com/channel/UC2zG-s3cF7yNTtbNOPAHcJg,Julio Giammanco,UC2zG-s3cF7yNTtbNOPAHcJg,116000,0,0,0,2026-06-15 09:46:38,True,0.0,0.0,1.21,42.6
https://www.youtube.com/channel/UCWd0DCsGR8TrAKJ1hD2jSDA,Dexx OG,UCWd0DCsGR8TrAKJ1hD2jSDA,12200,0,0,0,2026-06-15 09:46:40,True,261019,0.01,1.74,4644.1
https://www.youtube.com/channel/UC4PDVqf8PfeDTXGk6fd1xwQ,talking jesse,UC4PDVqf8PfeDTXGk6fd1xwQ,47699,0,0,0,2026-06-15 09:46:42,True,247,0.07,5.47,184.75
https://www.youtube.com/channel/UCNzLba5ourQphAvUw7vU0qg,Vending Tv - La TV della distribuzione automatica,UCNzLba5ourQphAvUw7vU0qg,41800,0,0,0,2026-06-15 09:46:44,False,8421,0.0,0.74,348.45
https://www.youtube.com/channel/UC2gtMN973VngqGac0VzB_nw,Domenico1805,UC2gtMN973VngqGac0VzB_nw,63099,0,0,0,2026-06-15 09:46:46,True,0.0,0.0,0.26,27.15
https://www.youtube.com/channel/UC3DgSSQNJTd-M6nmo2H9PUw,Fita Taekwondo,UC3DgSSQNJTd-M6nmo2H9PUw,71300,0,0,0,2026-06-15 09:46:48,True,5098,0.0,0.05,26513.3
https://www.youtube.com/channel/UCfyPwb4qxrJmTl21tJhQI8g,Insane Dolls,UCfyPwb4qxrJmTl21tJhQI8g,65900,0,0,0,2026-06-15 09:46:50,True,23649,0.39,4.53,129.95
https://www.youtube.com/channel/UC1NQo-2GLWYVr6FB3QZmg3w,StefaninoRegalino,UC1NQo-2GLWYVr6FB3QZmg3w,53099,0,0,0,2026-06-15 09:46:52,True,0.0,0.0,1.68,43.15
https://www.youtube.com/channel/UC1nZck6LohkQfSvZemBfWdg,Movimento Italiano Diritti Detenuti,UC1nZck6LohkQfSvZemBfWdg,27700,0,0,0,2026-06-15 09:46:54,True,1661,0.0,1.26,83.9
https://www.youtube.com/channel/UCSE1RYlhbNw5T1LRr4g9E8A,Vittoria Martines,UCSE1RYlhbNw5T1LRr4g9E8A,34100,0,0,0,2026-06-15 09:46:56,True,105001,0.02,0.32,55.7
https://www.youtube.com/channel/UCcHMrye0Lu1hP8SrO8Mm9PQ,Maroc TV sport ,UCcHMrye0Lu1hP8SrO8Mm9PQ,27500,0,0,0,2026-06-15 09:46:59,True,0.0,0.0,35.74,12.35
https://www.youtube.com/channel/UCNCwqgU1j5eZjcaTiD4qrDw,DAN Europe,UCNCwqgU1j5eZjcaTiD4qrDw,28900,0,0,0,2026-06-15 09:47:01,True,6563,0.02,20.53,470.0
https://www.youtube.com/channel/UC4MF2Oa5rQyO9WXsosC1RFQ,Galsen Riposte ,UC4MF2Oa5rQyO9WXsosC1RFQ,66100,0,0,0,2026-06-15 09:47:03,True,0.0,0.0,0.0,41.75
https://www.youtube.com/channel/UCFBvLa2gRb8h9LJu-tWYL7w,Yellow Tech,UCFBvLa2gRb8h9LJu-tWYL7w,17600,0,0,0,2026-06-15 09:47:16,True,4679,0.01,4.37,1017.1
https://www.youtube.com/channel/UC_RT2TZOxRUSu4rFxQVwD1A,lajme Top ,UC_RT2TZOxRUSu4rFxQVwD1A,20700,0,0,0,2026-06-15 09:47:18,True,0.0,0.0,0.0,6.0
https://www.youtube.com/channel/UCNcdPIcXl50_dPhd4Qe-VrA,Virex,UCNcdPIcXl50_dPhd4Qe-VrA,43300,0,0,0,2026-06-15 09:47:20,True,0.0,0.0,0.63,9.05
https://www.youtube.com/channel/UCvEQSDjN3fe_hd_DOmg5iJQ,SVN Equestrian Talks,UCvEQSDjN3fe_hd_DOmg5iJQ,12500,0,0,0,2026-06-15 09:47:22,True,26914,0.01,3.89,254.65
https://www.youtube.com/channel/UCz_pVCJ9cuodngwcJ7wR86g,Xavier Poussard,UCz_pVCJ9cuodngwcJ7wR86g,15500,0,0,0,2026-06-15 09:47:24,True,116664,0.11,0.23,318.29
https://www.youtube.com/channel/UCyHXSX3FEVCcCnkSqZvKuUQ,Broda Target,UCyHXSX3FEVCcCnkSqZvKuUQ,20000,0,0,0,2026-06-15 09:47:26,True,0.0,0.0,0.84,49.45
https://www.youtube.com/channel/UCAipoNTRwyMaYspcRROmV4w,Marco Shorts,UCAipoNTRwyMaYspcRROmV4w,33800,0,0,0,2026-06-15 09:47:28,True,0.0,0.0,0.37,18.75
https://www.youtube.com/channel/UCq1uPpD97zawPC1BlIFsKSg,PAPmusic Official,UCq1uPpD97zawPC1BlIFsKSg,16000,0,0,0,2026-06-15 09:47:30,True,4856,0.01,5.26,174.15
https://www.youtube.com/channel/UC9VnHMc78LfkfmRP0_pgSYw,Dogs & Cats what a Passion !,UC9VnHMc78LfkfmRP0_pgSYw,18900,0,0,0,2026-06-15 09:47:33,True,0.0,0.0,0.42,14.2
https://www.youtube.com/channel/UCxwoj1iUymoY1LmqVfiY71Q,Empresario Tips,UCxwoj1iUymoY1LmqVfiY71Q,32599,0,0,0,2026-06-15 09:47:35,True,35120,0.05,1.53,431.35
https://www.youtube.com/channel/UCJ6Grwb3E8gKsPTfQMU3j3A,Psalter,UCJ6Grwb3E8gKsPTfQMU3j3A,184000,0,0,0,2026-06-15 09:47:48,True,16340,0.01,4.0,492.6
https://www.youtube.com/channel/UCn6UMS98Ox-B3jkSWlweJ2w,SBS Sport ,UCn6UMS98Ox-B3jkSWlweJ2w,259000,0,0,0,2026-06-15 09:47:51,True,25141,0.03,0.0,220.3
https://www.youtube.com/channel/UCl_NtgYJxX76IuY0ZMwu_0A,Tony Luu vlogs,UCl_NtgYJxX76IuY0ZMwu_0A,76600,0,0,0,2026-06-15 09:47:52,True,0.0,0.0,0.11,19.3
https://www.youtube.com/channel/UC_FE8Sjtfx5urqxucZawRGA,Shaykh Aouni Chanting & Lesson's,UC_FE8Sjtfx5urqxucZawRGA,90800,0,0,0,2026-06-15 09:47:54,False,7261,0.01,3.16,1277.95
https://www.youtube.com/channel/UCCmN9TZ3gsmjTRfOpqiMxPw,Evan Bodycomb,UCCmN9TZ3gsmjTRfOpqiMxPw,199000,0,0,0,2026-06-15 09:47:57,True,0.0,0.0,0.58,18.9
https://www.youtube.com/channel/UCx9YhgC2BlahJlZ-dEl_Gow,xxtjayyy ,UCx9YhgC2BlahJlZ-dEl_Gow,97100,0,0,0,2026-06-15 09:47:59,True,0.0,0.0,0.37,14.55
https://www.youtube.com/channel/UCIbz3sTGXv1GjMPIFHuoRaQ,Feruza Yusupova,UCIbz3sTGXv1GjMPIFHuoRaQ,55100,0,0,0,2026-06-15 09:48:01,True,0.0,0.0,0.05,31.8
https://www.youtube.com/channel/UCnXheWB9lQDaxs9vh-0zFCw,Oh My Holly,UCnXheWB9lQDaxs9vh-0zFCw,118000,0,0,0,2026-06-15 09:48:03,True,0.0,0.0,0.63,30.8
https://www.youtube.com/channel/UCk6TE5htnGwXlHntzIphg8A,DailyReactsID,UCk6TE5htnGwXlHntzIphg8A,62000,0,0,0,2026-06-15 09:48:05,True,0.0,0.0,2.21,22.3
https://www.youtube.com/channel/UCWuy8AezMMjpVPecLWKOUNg,RankVue,UCWuy8AezMMjpVPecLWKOUNg,16700,0,0,0,2026-06-15 09:48:07,True,0.0,0.0,1.42,32.85
https://www.youtube.com/channel/UCjlobnCGWqc4qxWQ4qDoc5A,Sumit Bhandari ,UCjlobnCGWqc4qxWQ4qDoc5A,90100,0,0,0,2026-06-15 09:48:09,True,0.0,0.0,5.79,20.85
https://www.youtube.com/channel/UCwHau-OV_TFSyMF95l1rKyQ,Podcast Australia by Syeda,UCwHau-OV_TFSyMF95l1rKyQ,28100,0,0,0,2026-06-15 09:48:11,True,186,0.02,0.32,495.05
https://www.youtube.com/channel/UCKM5byXfxVCKarNrHsHnpYg,Will Hitchins,UCKM5byXfxVCKarNrHsHnpYg,71700,0,0,0,2026-06-15 09:48:13,True,39180,0.2,1.0,99.05
https://www.youtube.com/channel/UCKYNEWkBY-YLqbIL26pr74Q,Kika Cavallazzi EC,UCKYNEWkBY-YLqbIL26pr74Q,38600,0,0,0,2026-06-15 09:48:15,True,16947,0.02,1.84,294.7
https://www.youtube.com/channel/UCGe2vMwbU1w85BQiYc7og1Q,AGSM at UNSW Business School,UCGe2vMwbU1w85BQiYc7og1Q,42000,0,0,0,2026-06-15 09:48:17,True,3642,0.01,10.37,399.0
https://www.youtube.com/channel/UCDGjsRznyjFloIaquidVrhA,The Veteran Tales,UCDGjsRznyjFloIaquidVrhA,68400,0,0,0,2026-06-15 09:48:19,True,0.0,0.0,1.42,46.6
https://www.youtube.com/channel/UCk4PRVM-tzuFTY4iDVmFQ2Q,Clash Picks,UCk4PRVM-tzuFTY4iDVmFQ2Q,32000,0,0,0,2026-06-15 09:48:21,True,0.0,0.0,0.21,5.95
https://www.youtube.com/channel/UCDrbyJtUM9F0UfMC5rmZNEQ,Thumbs Up Australia,UCDrbyJtUM9F0UfMC5rmZNEQ,45199,0,0,0,2026-06-15 09:48:23,True,6562,0.01,1.16,278.25
https://www.youtube.com/channel/UC3rPTDrHouobZEEH_4Q9Rvw,C.J Studios,UC3rPTDrHouobZEEH_4Q9Rvw,15300,0,0,0,2026-06-15 09:48:35,True,16898,0.02,0.95,47.3
https://www.youtube.com/channel/UCI-pY3x3_tiMzhK1_1udxpg,REYNARD WOOD,UCI-pY3x3_tiMzhK1_1udxpg,42900,0,0,0,2026-06-15 09:48:37,True,0.0,0.0,95.71,23.5
https://www.youtube.com/channel/UCtL-KJLp00K-6mgxOVy5idg,Cruel Crispo,UCtL-KJLp00K-6mgxOVy5idg,44200,0,0,0,2026-06-15 09:48:39,True,63,0.13,1.47,41.35
https://www.youtube.com/channel/UCvGadioECwK8j2qPj46ZqEw,Boorook,UCvGadioECwK8j2qPj46ZqEw,54200,0,0,0,2026-06-15 09:48:43,True,164,0.01,1.11,45.05
https://www.youtube.com/channel/UCNEI9eoo41PA3Ykgqn7QnBg,MrChorus,UCNEI9eoo41PA3Ykgqn7QnBg,66600,0,0,0,2026-06-15 09:48:45,True,0.0,0.0,0.0,35.45
https://www.youtube.com/channel/UCm2gH2FuEIjYnBLNn8sCieQ,SI Neuroexcellence ,UCm2gH2FuEIjYnBLNn8sCieQ,15400,0,0,0,2026-06-15 09:48:47,True,5071,0.0,1.05,184.25
https://www.youtube.com/channel/UCd6EyzJm-cnnxaa7Kf1_FOA,Tom Cashman,UCd6EyzJm-cnnxaa7Kf1_FOA,27100,0,0,0,2026-06-15 09:48:49,True,140156,0.05,1.26,91.1
https://www.youtube.com/channel/UCVQSGz6-Rd7uj2-dlqWLvjw,Ms Carla’s learning adventures ,UCVQSGz6-Rd7uj2-dlqWLvjw,24200,0,0,0,2026-06-15 09:48:51,True,4343,0.01,2.42,206.0
https://www.youtube.com/channel/UC7k-Tago3-SaAL3ymDrbaNg,coffeqah-gacha,UC7k-Tago3-SaAL3ymDrbaNg,35700,0,0,0,2026-06-15 09:48:53,True,0.0,0.0,0.42,11.55
https://www.youtube.com/channel/UCJL_SNzu33W7DaCWhHiMm7A,Butrone Leyshon Ministries,UCJL_SNzu33W7DaCWhHiMm7A,45400,0,0,0,2026-06-15 09:48:55,True,644,0.01,0.74,282.1
https://www.youtube.com/channel/UC9yn-Qj47yCdBgmaLDX4m5A,rachats classic,UC9yn-Qj47yCdBgmaLDX4m5A,47699,0,0,0,2026-06-15 09:48:57,True,360349,0.04,33.37,145.1
https://www.youtube.com/channel/UCAXFGFcgfJmaX8XSMt-2WsA,Gissy's Art Adventures,UCAXFGFcgfJmaX8XSMt-2WsA,15200,0,0,0,2026-06-15 09:48:59,True,2543,0.04,2.84,157.75
https://www.youtube.com/channel/UCkDLSpAbR461v2yFqfXh6VQ,Voomy,UCkDLSpAbR461v2yFqfXh6VQ,196000,0,0,0,2026-06-15 09:49:13,True,0.0,0.0,0.26,16.9
https://www.youtube.com/channel/UCs1Yf8WT_jhro4-9Q49uZMA,Aroomi Kim,UCs1Yf8WT_jhro4-9Q49uZMA,55900,0,0,0,2026-06-15 09:49:15,True,0.0,0.0,18.89,12.95
https://www.youtube.com/channel/UCB6qesFydFv5mMdQzKqC0cQ,NBA Canada,UCB6qesFydFv5mMdQzKqC0cQ,156000,0,0,0,2026-06-15 09:49:17,True,577572,0.0,2.26,103.7
https://www.youtube.com/channel/UCr6o8OA9fHzG6hm6HRHILGw,TheRankingGirly,UCr6o8OA9fHzG6hm6HRHILGw,250000,0,0,0,2026-06-15 09:49:19,True,0.0,0.0,1.05,50.0
https://www.youtube.com/channel/UCb4F6ywIW6E-gam5emoB7Bg,Toronto Global,UCb4F6ywIW6E-gam5emoB7Bg,15700,0,0,0,2026-06-15 09:49:21,True,20633,0.0,6.32,207.1
https://www.youtube.com/channel/UCY0XyX37J85SxehuiU3d2jQ,nikito,UCY0XyX37J85SxehuiU3d2jQ,192000,0,0,0,2026-06-15 09:49:34,True,3438,0.13,5.16,97.5
https://www.youtube.com/channel/UCRjzamtzpiHSR8D6Qs7Fm8A,DatoPelis,UCRjzamtzpiHSR8D6Qs7Fm8A,130000,0,0,0,2026-06-15 09:49:36,True,0.0,0.0,0.95,43.2
https://www.youtube.com/channel/UCaXw92tEFQ2fhPYvjHXNuFA,Cande Figueroa,UCaXw92tEFQ2fhPYvjHXNuFA,177000,0,0,0,2026-06-15 09:49:38,True,0.0,0.0,0.47,35.6
https://www.youtube.com/channel/UCJBzxd4v69XrQu7JLz1OimA,MrScale,UCJBzxd4v69XrQu7JLz1OimA,114000,0,0,0,2026-06-15 09:49:40,True,0.0,0.0,0.11,64.6
https://www.youtube.com/channel/UCRgRtMrTt72gL_qf8cfyIXg,Gael_barber,UCRgRtMrTt72gL_qf8cfyIXg,160000,0,0,0,2026-06-15 09:49:42,True,234307,0.04,1.37,187.95
https://www.youtube.com/channel/UCPLuGXlFo4rYlgaOUYRSfcg, TORNERIA BIGOTE con Alejandro Weiss,UCPLuGXlFo4rYlgaOUYRSfcg,168000,0,0,0,2026-06-15 09:49:44,True,0.0,0.0,2.32,72.65
https://www.youtube.com/channel/UC8kF34cu_5Dd7fPKanZqSWg,Mark MirandaPLUS,UC8kF34cu_5Dd7fPKanZqSWg,175000,0,0,0,2026-06-15 09:49:46,True,0.0,0.0,0.05,22.35
https://www.youtube.com/channel/UCx8y3UsvJewATuQxR3wWLTg,Gurudev Sri Sri Ravi Shankar en Español,UCx8y3UsvJewATuQxR3wWLTg,176000,0,0,0,2026-06-15 09:49:48,True,559,0.06,1.32,156.05
https://www.youtube.com/channel/UCOfR0bKlW1VRhy0SzsKlp-Q,iLusho,UCOfR0bKlW1VRhy0SzsKlp-Q,26400,0,0,0,2026-06-15 09:49:50,True,0.0,0.0,0.32,24.4
https://www.youtube.com/channel/UCZztvIGhGXgz9rCaLkIg7vQ,CodigoPoker,UCZztvIGhGXgz9rCaLkIg7vQ,31500,0,0,0,2026-06-15 09:49:53,True,1651,0.04,0.11,5146.2
https://www.youtube.com/channel/UCGBtAPv7mLLRgdqeupj2kLg,Cartas Pokemon Argentina TCG,UCGBtAPv7mLLRgdqeupj2kLg,54200,0,0,0,2026-06-15 09:49:55,True,857,0.1,0.32,55.35
https://www.youtube.com/channel/UC5EvjWpps14uMMa5MmZeh-g,ProdbyDoku,UC5EvjWpps14uMMa5MmZeh-g,93699,0,0,0,2026-06-15 09:50:07,True,50058,0.1,1.95,59.5
https://www.youtube.com/channel/UCe2OQ0_s-atR28GaJhrnESw,Manu Carballo,UCe2OQ0_s-atR28GaJhrnESw,16000,0,0,0,2026-06-15 09:50:09,True,698,0.12,1.89,190.35
https://www.youtube.com/channel/UC1w_0sU_hCBEDYZ8smE5TJg,PZ Carlinhos,UC1w_0sU_hCBEDYZ8smE5TJg,117000,0,0,0,2026-06-15 09:50:11,True,0.0,0.0,0.89,13.5
https://www.youtube.com/channel/UCyvYUEcpUKi8P5gY5u1Patg,CACHETADA,UCyvYUEcpUKi8P5gY5u1Patg,120000,0,0,0,2026-06-15 09:50:14,True,38359,0.09,0.53,597.85
https://www.youtube.com/channel/UCCytTjOprfrvcZvE-IYjF9w,Romak,UCCytTjOprfrvcZvE-IYjF9w,132000,0,0,0,2026-06-15 09:50:16,True,141397,0.03,2.42,1463.4
https://www.youtube.com/channel/UCLq4L8SRt8PohP7Wq6V3ZxQ,ɴᴇʀꜱᴏ ,UCLq4L8SRt8PohP7Wq6V3ZxQ,85700,0,0,0,2026-06-15 09:50:18,True,127489,0.07,0.16,28.65
https://www.youtube.com/channel/UC5AfodUrmiCCB-roSk0RZbg,edits sensei,UC5AfodUrmiCCB-roSk0RZbg,78600,0,0,0,2026-06-15 09:50:20,True,0.0,0.0,0.53,30.95
https://www.youtube.com/channel/UCO7xoI7svyQCxQymki3SyZA,Mas Alla Del Amen,UCO7xoI7svyQCxQymki3SyZA,25000,0,0,0,2026-06-15 09:50:22,True,14368,0.11,0.21,72.95
https://www.youtube.com/channel/UCPtAfkMz4HtvXbMJ6Af5yGA,Valen Ferreiro,UCPtAfkMz4HtvXbMJ6Af5yGA,36800,0,0,0,2026-06-15 09:50:24,True,144774,0.04,0.68,99.95
https://www.youtube.com/channel/UCnAE6KH7m61mUjJBpSTi7KA,SofiKawaii,UCnAE6KH7m61mUjJBpSTi7KA,14400,0,0,0,2026-06-15 09:50:26,False,83743,0.01,13.74,1155.7
https://www.youtube.com/channel/UCsQkem-z6-0uHu5-9JBHmrQ,DSPORTS Radio,UCsQkem-z6-0uHu5-9JBHmrQ,17600,0,0,0,2026-06-15 09:50:28,False,193192,0.0,0.21,4614.3
https://www.youtube.com/channel/UCG9s-ZxQY7WTjZ2n85g1ImA,David Rivas - Rock,UCG9s-ZxQY7WTjZ2n85g1ImA,48400,0,0,0,2026-06-15 09:50:30,False,29490,0.03,0.95,8667.95
https://www.youtube.com/channel/UC2LSicd_svai0lGU4agq_qw,Trading FX,UC2LSicd_svai0lGU4agq_qw,56700,0,0,0,2026-06-15 09:50:32,True,11317,0.04,6.79,138.7
https://www.youtube.com/channel/UC1ywNmMKFN0CNv5qqGnhT1g,Mundo peludo,UC1ywNmMKFN0CNv5qqGnhT1g,15400,0,0,0,2026-06-15 09:50:34,True,206,0.15,1.11,152.5
https://www.youtube.com/channel/UCrl0wmQOoeyB9gdaMraTKjA,Guuty,UCrl0wmQOoeyB9gdaMraTKjA,16400,0,0,0,2026-06-15 09:50:36,True,0.0,0.0,12.63,27.5
https://www.youtube.com/channel/UCWebkizpCTbg_gGB8mg6qlg,fiwind,UCWebkizpCTbg_gGB8mg6qlg,21600,0,0,0,2026-06-15 09:50:38,True,0.0,0.0,4.21,42.05
https://www.youtube.com/channel/UCjKHTPUKLtD3jpHSxRSZFYw,Valeria Simoncini,UCjKHTPUKLtD3jpHSxRSZFYw,36100,0,0,0,2026-06-15 09:50:40,True,0.0,0.0,0.42,23.3
https://www.youtube.com/channel/UCj4GnAQTK_Gg3cr8-Yh2k-w,TOTO_TRASMITE,UCj4GnAQTK_Gg3cr8-Yh2k-w,15500,0,0,0,2026-06-15 09:50:42,True,0.0,0.0,7.0,32.8
https://www.youtube.com/channel/UCCNbips7oecr9sytVC7YoZw,Inca,UCCNbips7oecr9sytVC7YoZw,20900,0,0,0,2026-06-15 09:50:44,True,5370,0.1,47.68,3788.0
https://www.youtube.com/channel/UCJLVEkNmoDNg5soI-jM4mjg,ornuS2,UCJLVEkNmoDNg5soI-jM4mjg,32200,0,0,0,2026-06-15 09:50:46,True,7082,0.05,1.79,1485.25
https://www.youtube.com/channel/UCCrbvfeTOgXl8mLWV1HrY_w,LOPEZ BKR ,UCCrbvfeTOgXl8mLWV1HrY_w,284000,0,0,0,2026-06-15 09:51:09,True,871481,0.07,0.16,115.7
https://www.youtube.com/channel/UCSyWmVpO9F9jts_rObfevfA,El Mono,UCSyWmVpO9F9jts_rObfevfA,141000,0,0,0,2026-06-15 09:51:12,True,18486,0.04,0.21,143.05
https://www.youtube.com/channel/UC4yBptpJe2sQyaX9PKv6NDQ,Pollo Colombiano,UC4yBptpJe2sQyaX9PKv6NDQ,222000,0,0,0,2026-06-15 09:51:14,True,14773,0.0,2.68,202.2
https://www.youtube.com/channel/UCbM7s8DYvqpYBWuxsYNAa5Q,Estrato cero ,UCbM7s8DYvqpYBWuxsYNAa5Q,260000,0,0,0,2026-06-15 09:51:16,True,2936,0.01,0.89,126.35
https://www.youtube.com/channel/UCviaWd5IVE7RzXZTtQ6kvtQ,CARZA,UCviaWd5IVE7RzXZTtQ6kvtQ,246000,0,0,0,2026-06-15 09:51:19,True,0.0,0.0,0.11,38.25
https://www.youtube.com/channel/UCnY9xaOV0r7bXy8oB-x-_Yg,Shakifans Oficial,UCnY9xaOV0r7bXy8oB-x-_Yg,23500,0,0,0,2026-06-15 09:51:21,True,0.0,0.0,0.05,40.0
https://www.youtube.com/channel/UCM1A7au6KmYdAkp_K1zgPZA,Mundo Futbol ,UCM1A7au6KmYdAkp_K1zgPZA,37000,0,0,0,2026-06-15 09:51:23,False,110556,0.01,0.16,1560.7
https://www.youtube.com/channel/UCGzD-EEDPr8tx_5sRUkDlKg,Gabriel Parra,UCGzD-EEDPr8tx_5sRUkDlKg,104000,0,0,0,2026-06-15 09:51:25,True,4879,0.07,0.63,856.2
https://www.youtube.com/channel/UCGjNU5cZSGtZryztEHqepQA,el.soc1995,UCGjNU5cZSGtZryztEHqepQA,126000,0,0,0,2026-06-15 09:51:28,True,158,0.04,1.26,260.85
https://www.youtube.com/channel/UCo89G_UoFT2CPtcCihANI3A,El Melendez,UCo89G_UoFT2CPtcCihANI3A,133000,0,0,0,2026-06-15 09:51:30,True,0.0,0.0,0.05,14.45
https://www.youtube.com/channel/UCN7_wvF7pg1-J1MM1ba4xhg,Alex Mass,UCN7_wvF7pg1-J1MM1ba4xhg,46500,0,0,0,2026-06-15 09:51:32,True,1680,0.01,0.05,251.25
https://www.youtube.com/channel/UC249qrGK2ywj5nnKze81BKg,Omar Enrique Music,UC249qrGK2ywj5nnKze81BKg,31500,0,0,0,2026-06-15 09:51:34,False,261032,0.01,28.74,241.6
https://www.youtube.com/channel/UCNIt_TO99zaiBX0d_jUgIFA,MATRIXSOUDER,UCNIt_TO99zaiBX0d_jUgIFA,92400,0,0,0,2026-06-15 09:51:36,True,114803,0.08,0.47,1495.0
https://www.youtube.com/channel/UCW63uleO6Hr7rdEVw2IKCGQ,The guri,UCW63uleO6Hr7rdEVw2IKCGQ,102000,0,0,0,2026-06-15 09:51:38,True,340,0.05,0.63,471.95
https://www.youtube.com/channel/UCna1OsDjNyDdP6ynApHA4Rw,REPARA SMART TV BUSHERS TUTORIALES ,UCna1OsDjNyDdP6ynApHA4Rw,104000,0,0,0,2026-06-15 09:51:40,True,2053,0.08,1.21,2338.65
https://www.youtube.com/channel/UC_C4WWaIuKVm2prEWqHrgTw,Baeztvshow,UC_C4WWaIuKVm2prEWqHrgTw,108000,0,0,0,2026-06-15 09:51:42,True,287,0.09,1.21,45.4
https://www.youtube.com/channel/UC_D2ecQhaLvImcOotlTgNAw,The Sam play ,UC_D2ecQhaLvImcOotlTgNAw,118000,0,0,0,2026-06-15 09:51:44,True,1084,0.05,0.74,91.6
https://www.youtube.com/channel/UCwQB2YPbX1H0ULAFnm1qgWw,Entertainment By Sachin,UCwQB2YPbX1H0ULAFnm1qgWw,121000,0,0,0,2026-06-15 09:51:58,True,0.0,0.0,2.0,23.25
https://www.youtube.com/channel/UCIaXztH3yRTQxZG1dDYX0cg,Jhoan Juega,UCIaXztH3yRTQxZG1dDYX0cg,124000,0,0,0,2026-06-15 09:52:00,True,1283,0.14,8.42,425.05
https://www.youtube.com/channel/UCMmILhaaCibFRwwD7kQ-W0w,Sebas Bros,UCMmILhaaCibFRwwD7kQ-W0w,24900,0,0,0,2026-06-15 09:52:02,True,0.0,0.0,0.16,22.7
https://www.youtube.com/channel/UCJw--hWOKuCFHVufCwqCEag,Jesus Contigo,UCJw--hWOKuCFHVufCwqCEag,26500,0,0,0,2026-06-15 09:52:04,True,0.0,0.0,0.95,7.9
https://www.youtube.com/channel/UCrlLVAG0fafPWZA0ixR9hww,Rosbely García ,UCrlLVAG0fafPWZA0ixR9hww,25099,0,0,0,2026-06-15 09:52:06,True,0.0,0.0,0.32,29.35
https://www.youtube.com/channel/UCGgah4wiYfKhwyPC5pCDh-w,Galería Deportiva,UCGgah4wiYfKhwyPC5pCDh-w,11100,0,0,0,2026-06-15 09:52:09,True,133337,0.0,0.05,5692.9
https://www.youtube.com/channel/UC5o7N09tSFK2I7reKIEz4iw,Maredorazio,UC5o7N09tSFK2I7reKIEz4iw,43300,0,0,0,2026-06-15 09:52:11,True,0.0,0.0,0.68,22.45
https://www.youtube.com/channel/UCqTvYm7vJQ1ofxHVCwRlBMQ,el frontineño tv,UCqTvYm7vJQ1ofxHVCwRlBMQ,31500,0,0,0,2026-06-15 09:52:13,True,0.0,0.0,0.11,33.1
https://www.youtube.com/channel/UCpZzRoyKE5VWkbAsgwfmInA,Yo Soy Venenin,UCpZzRoyKE5VWkbAsgwfmInA,38800,0,0,0,2026-06-15 09:52:15,True,5686,0.03,0.16,72.05
https://www.youtube.com/channel/UCGQt2tRq7Jh8MewUiTNcPWA,Sana con Esperanza,UCGQt2tRq7Jh8MewUiTNcPWA,11700,0,0,0,2026-06-15 09:52:17,True,0.0,0.0,0.05,29.35
https://www.youtube.com/channel/UC5RBEltTZiVsFwF6PruvnJg,Negocios Ditu,UC5RBEltTZiVsFwF6PruvnJg,18700,0,0,0,2026-06-15 09:52:19,True,126,0.01,0.16,844.35
https://www.youtube.com/channel/UCQpTLw76z8jehzLJV7jmqmg,B3stCarllYT,UCQpTLw76z8jehzLJV7jmqmg,19500,0,0,0,2026-06-15 09:52:21,True,2616,0.01,1.11,82.65
https://www.youtube.com/channel/UCzqPZUW_IhW-avQ7O7cSM7A,Pasión Fútbol Mundial,UCzqPZUW_IhW-avQ7O7cSM7A,45700,0,0,0,2026-06-15 09:52:23,True,960,0.02,0.32,91.2
https://www.youtube.com/channel/UC9Hgw1es8CnWdsZaNPma2eQ,JhonNG,UC9Hgw1es8CnWdsZaNPma2eQ,47000,0,0,0,2026-06-15 09:52:25,True,0.0,0.0,14.53,26.4
https://www.youtube.com/channel/UC4ioqTSI6RVYHJbdqw80RRA,La Casa De Mamá,UC4ioqTSI6RVYHJbdqw80RRA,67900,0,0,0,2026-06-15 09:52:27,True,514787,0.04,0.47,136.7
https://www.youtube.com/channel/UCjAheS1NsBVt-Tio2zYHz3A,Angie Stefania D,UCjAheS1NsBVt-Tio2zYHz3A,69200,0,0,0,2026-06-15 09:52:30,True,0.0,0.0,0.63,21.3
https://www.youtube.com/channel/UCXtHpd9G4aSH_Qvo-yr67mQ,Karly Martinez,UCXtHpd9G4aSH_Qvo-yr67mQ,69300,0,0,0,2026-06-15 09:52:32,True,0.0,0.0,0.37,22.6
https://www.youtube.com/channel/UCUcnrVkkuQFD6wMXyu_XJFA,RUMBO ESPIRITUAL,UCUcnrVkkuQFD6wMXyu_XJFA,56000,0,0,0,2026-06-15 09:52:34,False,94496,0.11,0.58,179.7
https://www.youtube.com/channel/UCIXuYanYqhvpKa1UPBK9Kfw,El_turaa,UCIXuYanYqhvpKa1UPBK9Kfw,59300,0,0,0,2026-06-15 09:52:36,True,7188,0.11,0.42,41.6
https://www.youtube.com/channel/UCC8brKzeVRjTvr9cTk8WD0w,MAGVIGA  FÚTBOL PARA HOMBRES,UCC8brKzeVRjTvr9cTk8WD0w,59300,0,0,0,2026-06-15 09:52:38,True,32025,0.04,0.05,999.25
https://www.youtube.com/channel/UCURnWycdFShkvcAGTEGFNFw,LA DESCENDENCIA CHILENA OFICIAL,UCURnWycdFShkvcAGTEGFNFw,27500,0,0,0,2026-06-15 09:53:01,False,1410317,0.0,64.44,213.7
https://www.youtube.com/channel/UCKBWzW4Q78Fnod-ydKa2GGw,Twilight Nobeldoll,UCKBWzW4Q78Fnod-ydKa2GGw,87800,0,0,0,2026-06-15 09:53:03,True,0.0,0.0,12.16,18.4
https://www.youtube.com/channel/UCn1ss8XP_1CpQeXJnNvQwkA,Pasqui ,UCn1ss8XP_1CpQeXJnNvQwkA,204000,0,0,0,2026-06-15 09:53:05,True,36367,0.07,1.63,333.95
https://www.youtube.com/channel/UCrq4Afi8yecX414TUEJ2FVQ,Caba Quiz - Trivia,UCrq4Afi8yecX414TUEJ2FVQ,82100,0,0,0,2026-06-15 09:53:07,False,197514,0.02,1.68,1358.05
https://www.youtube.com/channel/UCjrfjtdfCGpaskECO9XFUcw,Prototype Leaked,UCjrfjtdfCGpaskECO9XFUcw,125000,0,0,0,2026-06-15 09:53:21,True,5507,0.02,1.53,171.15
https://www.youtube.com/channel/UCBFa6whK8RCkfXevqMYIWow,América Deportes Oficial,UCBFa6whK8RCkfXevqMYIWow,191000,0,0,0,2026-06-15 09:53:23,True,2420,0.02,0.05,291.15
https://www.youtube.com/channel/UC9NnH35w1kBldSCqVNYz04Q,SiriusReact,UC9NnH35w1kBldSCqVNYz04Q,278000,0,0,0,2026-06-15 09:53:25,True,19979,0.02,0.11,80.95
https://www.youtube.com/channel/UCeq2tUJz6lNOTs-lm7gWA4g,Ranita,UCeq2tUJz6lNOTs-lm7gWA4g,158000,0,0,0,2026-06-15 09:53:27,True,0.0,0.0,1.0,20.05
https://www.youtube.com/channel/UCYnYmCNsOBTCtvr6HP1OXbg,SlayerGS,UCYnYmCNsOBTCtvr6HP1OXbg,179000,0,0,0,2026-06-15 09:53:29,True,1208,0.08,1.74,437.5
https://www.youtube.com/channel/UCz7rsqb0CW4hFrQLq99NegQ,Velkanz,UCz7rsqb0CW4hFrQLq99NegQ,254000,0,0,0,2026-06-15 09:53:31,True,0.0,0.0,0.53,20.5
https://www.youtube.com/channel/UCs0EMaeFi4ZHbGI5GPZKd8g,New AM GYM,UCs0EMaeFi4ZHbGI5GPZKd8g,106000,0,0,0,2026-06-15 09:53:33,True,0.0,0.0,0.21,34.4
https://www.youtube.com/channel/UC5aze-DjrA_BYmWjulX19nw,Bicolor+,UC5aze-DjrA_BYmWjulX19nw,221000,0,0,0,2026-06-15 09:53:35,False,70335,0.02,0.16,7990.3
https://www.youtube.com/channel/UCVys_YLhyjgOTrNXhsvvPrg,NabinneyOficial ⭐️,UCVys_YLhyjgOTrNXhsvvPrg,107000,0,0,0,2026-06-15 09:53:37,True,0.0,0.0,0.32,27.6
https://www.youtube.com/channel/UCFSb14TEG7sdLES5_xIVVXg,MistonSFX,UCFSb14TEG7sdLES5_xIVVXg,125000,0,0,0,2026-06-15 09:53:39,True,0.0,0.0,1.74,26.95
https://www.youtube.com/channel/UCHFUONNtPjO6D6d7bL4w72w,ThynboRoblox,UCHFUONNtPjO6D6d7bL4w72w,153000,0,0,0,2026-06-15 09:53:41,True,929149,0.03,1.26,190.0
https://www.youtube.com/channel/UCgOL5LwvpJRbDJLUjj9y7mA,El PlayerCreatorYT,UCgOL5LwvpJRbDJLUjj9y7mA,96400,0,0,0,2026-06-15 09:53:43,True,149,0.06,0.37,1072.9
https://www.youtube.com/channel/UC30Gd8z8agHaL7YfiHNzcEg,Dr.GhostFace,UC30Gd8z8agHaL7YfiHNzcEg,76800,0,0,0,2026-06-15 09:53:45,True,41261,0.01,0.58,90.55
https://www.youtube.com/channel/UC3fZZwLqo_fjGQSg9YFJLaQ,Midori,UC3fZZwLqo_fjGQSg9YFJLaQ,58500,0,0,0,2026-06-15 09:53:47,True,153228,0.03,28.21,2042.25
https://www.youtube.com/channel/UCcM-V0IU030VyrrGHlcoDvw,Greyrat,UCcM-V0IU030VyrrGHlcoDvw,119000,0,0,0,2026-06-15 09:53:49,True,0.0,0.0,0.95,24.25
https://www.youtube.com/channel/UCrViS1o-KEVEsIF-s91G2dQ,Danny_urcia16,UCrViS1o-KEVEsIF-s91G2dQ,121000,0,0,0,2026-06-15 09:53:51,False,99753,0.02,1.16,3918.5
https://www.youtube.com/channel/UCi97Fb-3us5D7hS3wLsdMcw,MARYSHINYS,UCi97Fb-3us5D7hS3wLsdMcw,124000,0,0,0,2026-06-15 09:53:54,True,0.0,0.0,0.11,39.5
https://www.youtube.com/channel/UC0ibFg5SHufBXv1MYt76a1A,krizcapsule,UC0ibFg5SHufBXv1MYt76a1A,96100,0,0,0,2026-06-15 09:53:55,True,8832,0.02,0.84,67.8
https://www.youtube.com/channel/UCN2gkWcYqGDRdDEGiFADAxg,TIEMPO Gameplay,UCN2gkWcYqGDRdDEGiFADAxg,83699,0,0,0,2026-06-15 09:53:58,False,6897,0.01,0.47,1091.8
https://www.youtube.com/channel/UCZ4LlcGxzy_KE90gOM3pg-A,Hobbes🔱,UCZ4LlcGxzy_KE90gOM3pg-A,66200,0,0,0,2026-06-15 09:54:11,True,156241,0.05,0.37,135.05
https://www.youtube.com/channel/UCbJIO8HdC84JDkqb8db-QDw,SoyMoru,UCbJIO8HdC84JDkqb8db-QDw,32300,0,0,0,2026-06-15 09:54:13,False,169349,0.02,5.32,842.15
https://www.youtube.com/channel/UCEuT15PyniL5CoOPcJosp4A,SIMIO.VIGEVANI,UCEuT15PyniL5CoOPcJosp4A,11100,0,0,0,2026-06-15 09:54:15,True,0.0,0.0,1.42,22.85
https://www.youtube.com/channel/UCOyD-kV3zB8Cm4LI4qtd9tA,Panamericana Noticias,UCOyD-kV3zB8Cm4LI4qtd9tA,58000,0,0,0,2026-06-15 09:54:17,False,64353,0.02,0.11,3417.9
https://www.youtube.com/channel/UCO4nzKjmO3OgC4ez720kMCQ,Blanco Y Hueso,UCO4nzKjmO3OgC4ez720kMCQ,32800,0,0,0,2026-06-15 09:54:19,True,147078,0.06,1.68,89.4
https://www.youtube.com/channel/UCNRC_4XNaRyztqYvx-TnPqA,CeoZvK,UCNRC_4XNaRyztqYvx-TnPqA,40500,0,0,0,2026-06-15 09:54:21,True,0.0,0.0,0.26,34.45
https://www.youtube.com/channel/UCUYxeS_3yG3iycxQ1_Bhulg,harley saldaña ,UCUYxeS_3yG3iycxQ1_Bhulg,10400,0,0,0,2026-06-15 09:54:24,True,0.0,0.0,0.21,59.8
https://www.youtube.com/channel/UCZ7_m3XZ8Af1Ajnex44ZOLQ,DramaVip,UCZ7_m3XZ8Af1Ajnex44ZOLQ,32200,0,0,0,2026-06-15 09:54:26,True,966,0.02,0.0,45.8
https://www.youtube.com/channel/UC6uTCV0w-DHMFTtyLNu68xw,DerekMp,UC6uTCV0w-DHMFTtyLNu68xw,23600,0,0,0,2026-06-15 09:54:28,True,462,0.09,0.05,66.15
https://www.youtube.com/channel/UCxGiOpRKISMrWqafamldm-A,Keiko Fujimori ,UCxGiOpRKISMrWqafamldm-A,27500,0,0,0,2026-06-15 09:54:30,True,62676,0.03,0.16,768.95
https://www.youtube.com/channel/UC5n6kSeviTj-EEFRANOnRqg,Katherinne Kell,UC5n6kSeviTj-EEFRANOnRqg,20700,0,0,0,2026-06-15 09:54:32,True,0.0,0.0,0.26,18.7
https://www.youtube.com/channel/UCesOTXtJ_JVUC9FGHxH1h8g,WAP DOCENTES,UCesOTXtJ_JVUC9FGHxH1h8g,24000,0,0,0,2026-06-15 09:54:34,True,160533,0.01,0.42,73.9
https://www.youtube.com/channel/UCzeKypTryEOZegJ55umuK1w,Fortaleza Del Alma,UCzeKypTryEOZegJ55umuK1w,10600,0,0,0,2026-06-15 09:54:36,True,1450,0.23,0.37,69.3
https://www.youtube.com/channel/UC7Bp1LxWS-6yBbS-wE7Wl0g,Zaaz Perú,UC7Bp1LxWS-6yBbS-wE7Wl0g,11100,0,0,0,2026-06-15 09:54:38,True,0.0,0.0,11.69,30.24
https://www.youtube.com/channel/UCuKuOIIUjcJX2sNL8al0exg,Jose ATKIL9,UCuKuOIIUjcJX2sNL8al0exg,13799,0,0,0,2026-06-15 09:54:40,True,6258,0.03,3.0,84.15
https://www.youtube.com/channel/UCWTLoFoQS-eg2jrNz6yzYlA,JoséAlejandroMarin938,UCWTLoFoQS-eg2jrNz6yzYlA,21600,0,0,0,2026-06-15 09:54:42,True,233,0.01,2.21,2034.9
https://www.youtube.com/channel/UCdlxduw1o0SavyfUEEGl1sw,GolshiTV,UCdlxduw1o0SavyfUEEGl1sw,14200,0,0,0,2026-06-15 09:54:44,True,10715,0.13,1.53,2266.4
https://www.youtube.com/channel/UCmKvj5ahtOhSZr64Yc4sTGg,Flavio Gálvez,UCmKvj5ahtOhSZr64Yc4sTGg,14000,0,0,0,2026-06-15 09:54:46,True,58857,0.05,1.26,151.85
https://www.youtube.com/channel/UCGTMaEX5aTELkqVpFbb-bGg,KALUNB,UCGTMaEX5aTELkqVpFbb-bGg,18400,0,0,0,2026-06-15 09:54:48,True,114,0.02,0.68,178.55
https://www.youtube.com/channel/UCw5bpX3_je7ukq3HZO4vtkw,impulso Odontologico,UCw5bpX3_je7ukq3HZO4vtkw,20299,0,0,0,2026-06-15 09:54:50,True,0.0,0.0,12.32,50.85
https://www.youtube.com/channel/UCDwtYWoK1BoWyOfplurwhBg,Zahid official ,UCDwtYWoK1BoWyOfplurwhBg,204000,0,0,0,2026-06-15 09:55:14,True,0.0,0.0,0.37,21.9
https://www.youtube.com/channel/UCI99iwswVelRuLGEWuanwcQ,FolaPlay,UCI99iwswVelRuLGEWuanwcQ,74700,0,0,0,2026-06-15 09:55:16,True,85962,0.01,0.0,725.85
https://www.youtube.com/channel/UCZHwuxhl4BWgWz3sWzgc0Mg,사랑하는 꼬마 공주님,UCZHwuxhl4BWgWz3sWzgc0Mg,293000,0,0,0,2026-06-15 09:55:18,True,1147,0.01,0.16,362.95
https://www.youtube.com/channel/UCfDNngC1A67JbWxohfbwFig,Cimel Islamiah,UCfDNngC1A67JbWxohfbwFig,61700,0,0,0,2026-06-15 09:55:20,True,2898,0.0,0.21,12012.25
https://www.youtube.com/channel/UC-XAErPMIM9qrkmYySEiwcg,BABON BARUDAK,UC-XAErPMIM9qrkmYySEiwcg,44600,0,0,0,2026-06-15 09:55:22,True,0.0,0.0,0.21,25.8
https://www.youtube.com/channel/UCRB9gRodY2R9_-RyMKEhmqA,BAKO,UCRB9gRodY2R9_-RyMKEhmqA,122000,0,0,0,2026-06-15 09:55:35,True,0.0,0.0,0.21,18.3
https://www.youtube.com/channel/UC1TQmF4ECNtddMuvwlN4uGA,ซิกม่าบอย เล่าเรื่อง,UC1TQmF4ECNtddMuvwlN4uGA,201000,0,0,0,2026-06-15 09:55:48,True,0.0,0.0,0.32,60.1
https://www.youtube.com/channel/UC9MHEUxEa5pfPVSge2Xmt-g,Nirasha thaisilk,UC9MHEUxEa5pfPVSge2Xmt-g,42699,0,0,0,2026-06-15 09:55:50,True,289665,0.03,0.05,43.05
https://www.youtube.com/channel/UCSfFD4-kqRtXceTQ7lMFNtw,คนชอบข่าว,UCSfFD4-kqRtXceTQ7lMFNtw,29700,0,0,0,2026-06-15 09:55:52,True,0.0,0.0,1.63,16.2
https://www.youtube.com/channel/UCafPJYuxvijxPqejfvNdIOA,ซิกม่าเลนส์ เล่าเรื่อง,UCafPJYuxvijxPqejfvNdIOA,216000,0,0,0,2026-06-15 09:55:54,True,0.0,0.0,0.32,43.35
https://www.youtube.com/channel/UCtU_dimi8oiawxTwh7WqiWw,Han,UCtU_dimi8oiawxTwh7WqiWw,41000,0,0,0,2026-06-15 09:55:56,True,0.0,0.0,2.74,18.5
https://www.youtube.com/channel/UCZFCZsxC6dG4KGzZX0wUcsA,Everyday Podcast,UCZFCZsxC6dG4KGzZX0wUcsA,109000,0,0,0,2026-06-15 09:55:59,True,71545,0.01,1.95,1116.55
https://www.youtube.com/channel/UCozRPETcmhHrY8k3kDq5_dA,GustKunG,UCozRPETcmhHrY8k3kDq5_dA,196000,0,0,0,2026-06-15 09:56:01,True,0.0,0.0,0.95,17.65
https://www.youtube.com/channel/UC5oW1O_ECSSackDvnzrfWbg,BoneLOL,UC5oW1O_ECSSackDvnzrfWbg,83000,0,0,0,2026-06-15 09:56:03,True,0.0,0.0,3.79,79.8
https://www.youtube.com/channel/UCHwOmdsFiDdfRSYKzKHtjOw,Option วัยรุ่น Chanel,UCHwOmdsFiDdfRSYKzKHtjOw,40599,0,0,0,2026-06-15 09:56:05,True,20887,0.03,22.58,743.3
https://www.youtube.com/channel/UCptI2TKtMyIUF2MoasPqrBA,รับเช่าพระ โดยไอซ์แอนติค,UCptI2TKtMyIUF2MoasPqrBA,93699,0,0,0,2026-06-15 09:56:07,False,1335,0.04,8.58,423.0
https://www.youtube.com/channel/UC7Vem6A3y7klezLro1QNsnQ,อาจารย์ยอด: ลางบอกเหตุ & ฮวงจุ้ยเศรษฐี,UC7Vem6A3y7klezLro1QNsnQ,18500,0,0,0,2026-06-15 09:56:09,False,55974,0.08,1.29,2008.25
https://www.youtube.com/channel/UCVGTyFz91B3E6yidyHoXYzQ,ม้า อาชา,UCVGTyFz91B3E6yidyHoXYzQ,35600,0,0,0,2026-06-15 09:56:11,True,25503,0.01,1.37,187.5
https://www.youtube.com/channel/UCxBAaGiUb2ghak2JOJEDAbg,A1RINA,UCxBAaGiUb2ghak2JOJEDAbg,108000,0,0,0,2026-06-15 09:56:13,True,11852,0.01,0.95,60.15
https://www.youtube.com/channel/UCuZvjXRnPimCwTSbTsQdG9w,Baby Doll Thailand,UCuZvjXRnPimCwTSbTsQdG9w,112000,0,0,0,2026-06-15 09:56:15,False,110770,0.04,1.0,919.2
https://www.youtube.com/channel/UCVYhY0Flo-epAbgvJK82O3w,ซีรีส์ดราม่าดุสั้น,UCVYhY0Flo-epAbgvJK82O3w,115000,0,0,0,2026-06-15 09:56:17,False,26341,0.02,0.47,6272.4
https://www.youtube.com/channel/UC6baRsmwn1y811Dx-C1D4lA,คนมักมวนเนาะ(รวบรวมความบันเทิง🤣),UC6baRsmwn1y811Dx-C1D4lA,35500,0,0,0,2026-06-15 09:56:19,True,0.0,0.0,1.21,24.15
https://www.youtube.com/channel/UCjEZM373LmUCZlO1i7PhWgg,ข้าวเม่า,UCjEZM373LmUCZlO1i7PhWgg,33200,0,0,0,2026-06-15 09:56:21,False,20874,0.03,0.47,3269.25
https://www.youtube.com/channel/UCyV1Km42v5dW-QfG20syXug,ตาเหน่งกับยายติ๊ก,UCyV1Km42v5dW-QfG20syXug,60900,0,0,0,2026-06-15 09:56:23,True,0.0,0.0,0.11,16.3
https://www.youtube.com/channel/UCS2zTzIZ87hfYjvnPKtya_Q,ราชาหนัง,UCS2zTzIZ87hfYjvnPKtya_Q,66600,0,0,0,2026-06-15 09:56:26,False,1054564,0.02,6.43,7381.75
https://www.youtube.com/channel/UCGFtGRAdTp_ZplkQyNunYlQ,คลังเรื่องการ์ตูน 1,UCGFtGRAdTp_ZplkQyNunYlQ,12900,0,0,0,2026-06-15 09:56:39,False,1946,0.06,0.16,8610.85
https://www.youtube.com/channel/UCyzLDz8khEUDcSYbl8VFPHA,Recap Master and N Recap,UCyzLDz8khEUDcSYbl8VFPHA,22100,0,0,0,2026-06-15 09:56:41,False,36482,0.07,0.37,3305.4
https://www.youtube.com/channel/UCXzMjDKHxqFnWuUkcIYIrDg,nummafhak,UCXzMjDKHxqFnWuUkcIYIrDg,66000,0,0,0,2026-06-15 09:56:43,True,24,0.0,0.47,123.9
https://www.youtube.com/channel/UCi3iwe_cZOYo-U4eKuikk5A,"คู่หู ""สายฮา""",UCi3iwe_cZOYo-U4eKuikk5A,49800,0,0,0,2026-06-15 09:56:45,True,0.0,0.0,0.84,14.25
https://www.youtube.com/channel/UCCvEu3HybvzOBWniRJN-onQ,Milwaukee Tool Thailand,UCCvEu3HybvzOBWniRJN-onQ,53400,0,0,0,2026-06-15 09:56:47,True,24091,0.0,3.89,77.2
https://www.youtube.com/channel/UCgpqC0-hgt2ESCedUgg3sqQ,Hallstrange,UCgpqC0-hgt2ESCedUgg3sqQ,99900,0,0,0,2026-06-15 09:56:49,True,0.0,0.0,0.16,28.5
https://www.youtube.com/channel/UCSNKH2VC2xz0YLP-C5o2vYg,ZNicker,UCSNKH2VC2xz0YLP-C5o2vYg,20099,0,0,0,2026-06-15 09:56:51,True,562,0.02,36.89,9231.5
https://www.youtube.com/channel/UC3Fqv6c2xorctI8vtAfaV9A,เรื่องของต้น,UC3Fqv6c2xorctI8vtAfaV9A,31100,0,0,0,2026-06-15 09:56:53,True,1015,0.06,0.21,172.15
https://www.youtube.com/channel/UCICDUbQxAD4ad2dtvkpOo4g,Mimi Dreamy Thai,UCICDUbQxAD4ad2dtvkpOo4g,75600,0,0,0,2026-06-15 09:56:55,True,0.0,0.0,0.32,20.95
https://www.youtube.com/channel/UCKsF8r_b1rTMKWlbrYxUelA,บลาวาเท็ก,UCKsF8r_b1rTMKWlbrYxUelA,54200,0,0,0,2026-06-15 09:56:57,True,0.0,0.0,7.94,18.22
https://www.youtube.com/channel/UCPqyrNWN4bizfoLuIujBJpQ,Mr Valentine 2,UCPqyrNWN4bizfoLuIujBJpQ,36300,0,0,0,2026-06-15 09:56:59,True,16029,0.06,0.16,438.5
https://www.youtube.com/channel/UCkhvrSXnYS2MSroP8RM6uww,Federal Voice News,UCkhvrSXnYS2MSroP8RM6uww,41500,0,0,0,2026-06-15 09:57:01,False,32847,0.03,0.32,1191.65
https://www.youtube.com/channel/UCrX6enmDTbIPK9AYYmFQegw,Triune God / Trinity,UCrX6enmDTbIPK9AYYmFQegw,45300,0,0,0,2026-06-15 09:57:03,True,118948,0.08,0.74,97.35
https://www.youtube.com/channel/UCfdydvwWBpkcSmL7glZAi3A,Eyeyabee,UCfdydvwWBpkcSmL7glZAi3A,45300,0,0,0,2026-06-15 09:57:05,True,18828,0.05,0.79,1218.15
https://www.youtube.com/channel/UCvQxfoB1cPecRKMPVnNhhlg,นางฟ้า ช่วยสายฟรี,UCvQxfoB1cPecRKMPVnNhhlg,78400,0,0,0,2026-06-15 09:57:07,True,0.0,0.0,1.0,36.6
https://www.youtube.com/channel/UCA5RMR7UOCeuza--s19NPUw,Phak Drama,UCA5RMR7UOCeuza--s19NPUw,15600,0,0,0,2026-06-15 09:57:09,True,14246,0.02,1.0,71.9
https://www.youtube.com/channel/UCSdyfPENfR-Mg4tQXzuLkow,ဥိီးသန့်2d,UCSdyfPENfR-Mg4tQXzuLkow,50500,0,0,0,2026-06-15 09:57:11,True,19171,0.11,1.11,273.55
https://www.youtube.com/channel/UCwZ7wSSonMMBCVM3WMu-a1A,ซุ้มละครจีน TV,UCwZ7wSSonMMBCVM3WMu-a1A,15500,0,0,0,2026-06-15 09:57:13,False,85909,0.02,3.68,7747.05
https://www.youtube.com/channel/UCqXzi7PqCKJXyfIWPUX211A,GoHappy,UCqXzi7PqCKJXyfIWPUX211A,59100,0,0,0,2026-06-15 09:57:15,True,0.0,0.0,0.95,11.2
https://www.youtube.com/channel/UCsahV0bckf5-PvY3ari6unw,BL_ignis~,UCsahV0bckf5-PvY3ari6unw,20099,0,0,0,2026-06-15 09:57:17,True,0.0,0.0,0.05,19.15
https://www.youtube.com/channel/UCijoo1xGGvRO_Ikd3G_HruQ,RantingBanana,UCijoo1xGGvRO_Ikd3G_HruQ,223000,0,0,0,2026-06-15 09:57:40,True,0.0,0.0,7.84,31.25
https://www.youtube.com/channel/UCAxqQ7ULFEq9zrsNgCTnIdQ,EMGS Study in Malaysia,UCAxqQ7ULFEq9zrsNgCTnIdQ,281000,0,0,0,2026-06-15 09:57:42,True,224,0.01,1.79,64.4
https://www.youtube.com/channel/UCgAzZZoU1VuFVUGCDzwVniQ,Ekmal Speeda Gaming,UCgAzZZoU1VuFVUGCDzwVniQ,34200,0,0,0,2026-06-15 09:57:44,True,78683,0.01,1.53,220.75
https://www.youtube.com/channel/UCfdY2YoioT1OsWvSHImsIDw,Arnold Recap,UCfdY2YoioT1OsWvSHImsIDw,97100,0,0,0,2026-06-15 09:57:46,True,0.0,0.0,1.21,56.15
https://www.youtube.com/channel/UCqRnGZakBqQShnI-16hYbzw,Khai Sang,UCqRnGZakBqQShnI-16hYbzw,34300,0,0,0,2026-06-15 09:57:48,True,0.0,0.0,0.05,20.35
https://www.youtube.com/channel/UCJCcIQJmHD4PqVDDgrAJZCw,I'm watching,UCJCcIQJmHD4PqVDDgrAJZCw,51000,0,0,0,2026-06-15 09:57:50,True,7,0.0,0.16,54.45
https://www.youtube.com/channel/UC7i3kWWyqLXrzNAfTNqo16A,Aish Iman,UC7i3kWWyqLXrzNAfTNqo16A,24900,0,0,0,2026-06-15 09:57:52,True,174678,0.02,9.53,357.75
https://www.youtube.com/channel/UCOQGEbYVkV47DE_fCcvWdpQ,Zairawr,UCOQGEbYVkV47DE_fCcvWdpQ,13100,0,0,0,2026-06-15 09:57:54,True,2074,0.04,0.84,59.6
https://www.youtube.com/channel/UCbs3clbhwzROBiFgx109Gaw,It’s Toca Kaitlyn🎀💖,UCbs3clbhwzROBiFgx109Gaw,20000,0,0,0,2026-06-15 09:57:57,True,0.0,0.0,0.21,51.85
https://www.youtube.com/channel/UC4mqHgUENEByh-FcYgSRxuw,Lumorik,UC4mqHgUENEByh-FcYgSRxuw,36700,0,0,0,2026-06-15 09:57:59,True,0.0,0.0,1.05,21.1
https://www.youtube.com/channel/UCn3yOIzouyGlB9jZIUwUBtQ,信托大小陈,UCn3yOIzouyGlB9jZIUwUBtQ,12400,0,0,0,2026-06-15 09:58:01,True,6229,0.01,4.11,118.95
https://www.youtube.com/channel/UCqhXkLZkom7OVzptlB7Tliw,Echo Stories,UCqhXkLZkom7OVzptlB7Tliw,178000,0,0,0,2026-06-15 09:58:14,True,0.0,0.0,1.47,24.35
https://www.youtube.com/channel/UCEx7qD3C5TS87N6UOYV9zHQ,小小小酷哥,UCEx7qD3C5TS87N6UOYV9zHQ,288000,0,0,0,2026-06-15 09:58:17,True,1010,0.03,0.16,773.55
https://www.youtube.com/channel/UCWlDVcy8rAy7eH_M-V3dCBw,新竹甲八爸  動漫小說,UCWlDVcy8rAy7eH_M-V3dCBw,63200,0,0,0,2026-06-15 09:58:19,True,5707,0.02,0.26,86.35
https://www.youtube.com/channel/UCwzDX58iqBBPAKG7DvG3fSQ,esteban molina,UCwzDX58iqBBPAKG7DvG3fSQ,61700,0,0,0,2026-06-15 09:58:21,True,0.0,0.0,0.21,13.15
https://www.youtube.com/channel/UCQ8__aEME6qu93AHI7CdJag,Mcgarvie Francoise,UCQ8__aEME6qu93AHI7CdJag,90000,0,0,0,2026-06-15 09:58:23,True,0.0,0.0,0.21,28.75
https://www.youtube.com/channel/UCfzdgxfxuu7Ru6dtopOGQoA,mauricio varez,UCfzdgxfxuu7Ru6dtopOGQoA,61500,0,0,0,2026-06-15 09:58:25,True,0.0,0.0,0.16,13.05
https://www.youtube.com/channel/UCDQmK9db_mvSs7wE6DFnSbQ,Street Food Records,UCDQmK9db_mvSs7wE6DFnSbQ,122000,0,0,0,2026-06-15 09:58:27,False,1507537,0.0,0.47,10875.55
https://www.youtube.com/channel/UCm9ov8lPQgwxVUTmMUihhzQ,FlashMuse Fashion,UCm9ov8lPQgwxVUTmMUihhzQ,60800,0,0,0,2026-06-15 09:58:29,True,561299,0.01,0.16,5924.95
https://www.youtube.com/channel/UCYjKiUnYuDa31MIqLKyDUhA,罗Apple5231,UCYjKiUnYuDa31MIqLKyDUhA,66800,0,0,0,2026-06-15 09:58:32,True,794,0.01,0.11,50.4
https://www.youtube.com/channel/UCjwgwKXYjErOx8zaxI3VLeQ,奇趣实验室,UCjwgwKXYjErOx8zaxI3VLeQ,30600,0,0,0,2026-06-15 09:58:34,True,71241,0.03,0.05,141.45
https://www.youtube.com/channel/UCQ3R40Qki66EBHYLC-eZtew,露可可🐾,UCQ3R40Qki66EBHYLC-eZtew,36500,0,0,0,2026-06-15 09:58:36,True,6047,0.04,0.53,48.7
https://www.youtube.com/channel/UCk64IVeHBqoQP_VIEoYkPyw,Teen Teen Stories Chinese,UCk64IVeHBqoQP_VIEoYkPyw,23100,0,0,0,2026-06-15 09:58:38,False,92844,0.14,0.95,2101.85
https://www.youtube.com/channel/UCivOusQKHiVaKgB3n5ub-DQ,就要出去玩,UCivOusQKHiVaKgB3n5ub-DQ,31800,0,0,0,2026-06-15 09:58:40,True,0.0,0.0,0.11,39.6
https://www.youtube.com/channel/UCot0q6adIg00rlHbzDhiMrg,死神君,UCot0q6adIg00rlHbzDhiMrg,74000,0,0,0,2026-06-15 09:58:42,False,27437,0.03,2.53,4158.95
https://www.youtube.com/channel/UCAHCL5yJBNLj12jj-2ZLY9A,CalmCraft,UCAHCL5yJBNLj12jj-2ZLY9A,72100,0,0,0,2026-06-15 09:58:55,True,0.0,0.0,0.79,5.85
https://www.youtube.com/channel/UCcFfmDgnfLNTv-HvKcL2CNA,鹅鹅鹅本鹅,UCcFfmDgnfLNTv-HvKcL2CNA,249000,0,0,0,2026-06-15 09:58:58,True,0.0,0.0,1.16,22.9
https://www.youtube.com/channel/UCxFWxB_2giFiyfdpm-3TtCA,Pixel Picture House ,UCxFWxB_2giFiyfdpm-3TtCA,77200,0,0,0,2026-06-15 09:59:00,False,117871,0.0,0.53,6705.55
https://www.youtube.com/channel/UCbuBFnfl-racxhk-TbyMXNQ,煙火巷陌,UCbuBFnfl-racxhk-TbyMXNQ,24400,0,0,0,2026-06-15 09:59:02,True,3444,0.01,0.05,80.3
https://www.youtube.com/channel/UC3g56VZ-0gyf87jgsbXydYQ,Spork,UC3g56VZ-0gyf87jgsbXydYQ,173000,0,0,0,2026-06-15 09:59:04,True,61350,0.08,2.11,270.4
https://www.youtube.com/channel/UCTvajVQFz4wW0nXt7eTQcfQ,hk_wisdom,UCTvajVQFz4wW0nXt7eTQcfQ,90300,0,0,0,2026-06-15 09:59:06,True,6406,0.02,0.63,811.45
https://www.youtube.com/channel/UC5XrgcWDIOrZWWULudlnJOA,carlos fieldbury,UC5XrgcWDIOrZWWULudlnJOA,14800,0,0,0,2026-06-15 09:59:08,True,0.0,0.0,0.16,10.95
https://www.youtube.com/channel/UC6Qcle2UlfE4DNtBGYjclWA,adrian ibariguez,UC6Qcle2UlfE4DNtBGYjclWA,45700,0,0,0,2026-06-15 09:59:10,True,0.0,0.0,0.11,23.45
https://www.youtube.com/channel/UCKmRNytFsZPnQc3elAUyPYg,乡野小奶狗,UCKmRNytFsZPnQc3elAUyPYg,43900,0,0,0,2026-06-15 09:59:12,True,239,0.02,0.11,133.8
https://www.youtube.com/channel/UCcB9Ox3xlYUdTfXehDLY0aQ,신샤오야,UCcB9Ox3xlYUdTfXehDLY0aQ,17600,0,0,0,2026-06-15 09:59:14,True,33,0.0,0.05,104.5
https://www.youtube.com/channel/UC6l-EL4oKPzdThVs0__kBEw,上海蛋蛋,UC6l-EL4oKPzdThVs0__kBEw,35100,0,0,0,2026-06-15 09:59:16,False,157741,0.01,0.47,3761.45
https://www.youtube.com/channel/UCgJPG2Gu0XMIY6SeFx24xFw,Gugu Gaga,UCgJPG2Gu0XMIY6SeFx24xFw,122000,0,0,0,2026-06-15 09:59:18,True,0.0,0.0,0.21,25.6
https://www.youtube.com/channel/UCszpVPgQmbcJe0dwLGcJ0eA,ซีรีส์ดีแชร์,UCszpVPgQmbcJe0dwLGcJ0eA,127000,0,0,0,2026-06-15 09:59:21,True,0.0,0.0,0.21,24.6
https://www.youtube.com/channel/UCIlbaShsSFZNJtrEG1gwj0g,Now Sports,UCIlbaShsSFZNJtrEG1gwj0g,28700,0,0,0,2026-06-15 09:59:23,True,43770,0.01,2.05,130.6
https://www.youtube.com/channel/UCiDLuesRvCAPZgyIx0N4Usg,nuobaoriji,UCiDLuesRvCAPZgyIx0N4Usg,55500,0,0,0,2026-06-15 09:59:25,True,0.0,0.0,0.21,19.35
https://www.youtube.com/channel/UCemBq-NUbWtk4x-oEmHBUMw,HLT 남단,UCemBq-NUbWtk4x-oEmHBUMw,57699,0,0,0,2026-06-15 09:59:27,True,43,0.05,0.11,122.85
https://www.youtube.com/channel/UCQcBe9eUMwZjvj55oOPqjoQ,凌波微步,UCQcBe9eUMwZjvj55oOPqjoQ,46400,0,0,0,2026-06-15 09:59:29,True,0.0,0.0,0.26,27.4
https://www.youtube.com/channel/UCLRZIdVSzaAPyD3i1jGnUkg,稻花香,UCLRZIdVSzaAPyD3i1jGnUkg,19800,0,0,0,2026-06-15 09:59:32,False,4558,0.06,0.26,212.45
https://www.youtube.com/channel/UCemNsy6EJHb6Ws8YmbndhOQ,Lier嘉怡,UCemNsy6EJHb6Ws8YmbndhOQ,37400,0,0,0,2026-06-15 09:59:34,True,90,0.05,0.11,123.8
https://www.youtube.com/channel/UCtWkplrx99H2lLhwAvkZ9Pg,JaydeNoob,UCtWkplrx99H2lLhwAvkZ9Pg,40900,0,0,0,2026-06-15 09:59:36,True,0.0,0.0,1.21,16.75
https://www.youtube.com/channel/UCQhTYFhusaAWM47gJTLTZ1g,雪糕长不高,UCQhTYFhusaAWM47gJTLTZ1g,67700,0,0,0,2026-06-15 09:59:48,True,1869,0.0,0.11,272.4
https://www.youtube.com/channel/UCqj2BSNPUk0vExwn1JAMWDg,妍妍讲故事,UCqj2BSNPUk0vExwn1JAMWDg,19100,0,0,0,2026-06-15 09:59:51,False,5061,0.04,0.05,173.7
https://www.youtube.com/channel/UC2jaY2JtanVX8uaKhhdOP0w,哈基米德,UC2jaY2JtanVX8uaKhhdOP0w,32100,0,0,0,2026-06-15 09:59:53,True,13539,0.07,0.0,46.9
https://www.youtube.com/channel/UCz6aaOW3m6crh20cDmtDpow,@Crafting House~💫,UCz6aaOW3m6crh20cDmtDpow,37300,0,0,0,2026-06-15 09:59:55,True,35,0.09,0.74,25.95
https://www.youtube.com/channel/UCgx6F0VcNscxm_GM_ONdB_g,陶傑觀天下,UCgx6F0VcNscxm_GM_ONdB_g,50700,0,0,0,2026-06-15 09:59:57,True,101074,0.05,1.16,732.9
https://www.youtube.com/channel/UCFLxx9uCX8v1GkW5V9JeV-Q,enggak sengaja mampir,UCFLxx9uCX8v1GkW5V9JeV-Q,43099,0,0,0,2026-06-15 09:59:59,False,20118,0.05,0.63,6886.15
https://www.youtube.com/channel/UCd-vLOxDGazuSJFgQhdUQ_g,Mellow and Millie,UCd-vLOxDGazuSJFgQhdUQ_g,15400,0,0,0,2026-06-15 10:00:01,True,5842,0.03,0.68,195.95
https://www.youtube.com/channel/UCmorARX4_iz23iCYiXEeB1w,梦境放映室,UCmorARX4_iz23iCYiXEeB1w,62000,0,0,0,2026-06-15 10:00:04,False,26,0.01,0.0,4715.8
https://www.youtube.com/channel/UCE_cDXGGNSNJyzyz4N4Njxg,生活很美麗,UCE_cDXGGNSNJyzyz4N4Njxg,53200,0,0,0,2026-06-15 10:00:06,True,0.0,0.0,0.21,28.6
https://www.youtube.com/channel/UCUZgyn4sV4s-vMozASANflQ,사랑하는 꼬마 공주님,UCUZgyn4sV4s-vMozASANflQ,56000,0,0,0,2026-06-15 10:00:09,True,52,0.03,0.26,230.75
https://www.youtube.com/channel/UCsSxTvCimVOs5BPth5-EZJQ,ShadowDailyLife,UCsSxTvCimVOs5BPth5-EZJQ,22799,0,0,0,2026-06-15 10:00:10,True,0.0,0.0,2.53,34.4
https://www.youtube.com/channel/UCY5vOJGpPtQ66yxXdpWEn6A,世情故事匯,UCY5vOJGpPtQ66yxXdpWEn6A,12700,0,0,0,2026-06-15 10:00:14,False,5,0.05,0.0,2452.6
https://www.youtube.com/channel/UCaYFN0V2Nh_WNZri3mKIokw,潘潘御姐,UCaYFN0V2Nh_WNZri3mKIokw,25200,0,0,0,2026-06-15 10:00:16,True,0.0,0.0,0.21,26.2
https://www.youtube.com/channel/UCYEUJArh_NGFMGkDbM5f8Xw,Ardox Frame,UCYEUJArh_NGFMGkDbM5f8Xw,32100,0,0,0,2026-06-15 10:00:18,False,433404,0.01,1.68,8931.6
https://www.youtube.com/channel/UCb1CvUL4QkQxF_Sd-EXemvQ,God Did,UCb1CvUL4QkQxF_Sd-EXemvQ,34800,0,0,0,2026-06-15 10:00:20,True,0.0,0.0,0.47,16.6
https://www.youtube.com/channel/UCzmtfva0ftwccKqxINL02xw,小奶团漫剧场,UCzmtfva0ftwccKqxINL02xw,35500,0,0,0,2026-06-15 10:00:22,False,20494,0.02,0.16,6081.1
https://www.youtube.com/channel/UCwlrL2GtrjECFRA_1Q29O9w,暖暖小太陽,UCwlrL2GtrjECFRA_1Q29O9w,44500,0,0,0,2026-06-15 10:00:24,True,170,0.0,0.16,58.6
https://www.youtube.com/channel/UCVhVNWR5sq7vu5tZSO1MHQg,해피 리틀 머니,UCVhVNWR5sq7vu5tZSO1MHQg,14800,0,0,0,2026-06-15 10:00:27,True,86,0.01,0.11,87.1
https://www.youtube.com/channel/UCxbfn8PKZnCzBEFza7qXnGQ,人間感悟,UCxbfn8PKZnCzBEFza7qXnGQ,33400,0,0,0,2026-06-15 10:00:29,True,0.0,0.0,0.11,37.2
https://www.youtube.com/channel/UCyyjFGSaclJ8IGsq6GDyxpQ,Anson安森森,UCyyjFGSaclJ8IGsq6GDyxpQ,38600,0,0,0,2026-06-15 10:00:31,False,247547,0.01,34.0,396.75
https://www.youtube.com/channel/UCd4QAS-FitcIsiFb1OvNB-Q,Russco Jarvina,UCd4QAS-FitcIsiFb1OvNB-Q,105000,0,0,0,2026-06-15 10:00:54,True,102775,0.05,90.95,582.35
https://www.youtube.com/channel/UCMART-LRG_bmQ_NZ1C08r3g,ZEN,UCMART-LRG_bmQ_NZ1C08r3g,132000,0,0,0,2026-06-15 10:00:56,True,0.0,0.0,1.32,24.55
https://www.youtube.com/channel/UCejgV_8Ma47MWskieeYkKzQ,Topify,UCejgV_8Ma47MWskieeYkKzQ,259000,0,0,0,2026-06-15 10:00:58,True,0.0,0.0,1.74,37.55
https://www.youtube.com/channel/UC4FeTNnnezJc2CZJodCpp1g,tagasurok ,UC4FeTNnnezJc2CZJodCpp1g,18900,0,0,0,2026-06-15 10:01:01,True,156,0.06,0.63,102.5
https://www.youtube.com/channel/UCf75PSXVemkJU42ccpfBC_Q,CryHub,UCf75PSXVemkJU42ccpfBC_Q,122000,0,0,0,2026-06-15 10:01:03,True,0.0,0.0,8.43,8.0
https://www.youtube.com/channel/UCOaS8weOfHc7FKQMQTziqCw,Viral short Videos .01,UCOaS8weOfHc7FKQMQTziqCw,191000,0,0,0,2026-06-15 10:01:06,True,1562790,0.01,0.11,2891.05
https://www.youtube.com/channel/UCWdv6_QKmWm-ndgTWoK8qoA,JMtv mix vlog,UCWdv6_QKmWm-ndgTWoK8qoA,18800,0,0,0,2026-06-15 10:01:08,True,590,0.05,0.84,101.75
https://www.youtube.com/channel/UCtHwVX81216dTCqu9OhgYag,Ash leeengTv,UCtHwVX81216dTCqu9OhgYag,15100,0,0,0,2026-06-15 10:01:10,True,231351,0.01,0.37,14481.75
https://www.youtube.com/channel/UCKkf7c6MfA1dBMuhKdQL4ew,[ ° • Fᵢₙₙₛₜₑᵣ • ° ],UCKkf7c6MfA1dBMuhKdQL4ew,19300,0,0,0,2026-06-15 10:01:12,True,0.0,0.0,3.95,19.4
https://www.youtube.com/channel/UCJc9qmQCSnHfDDzsKKlvssg,Boije_clips,UCJc9qmQCSnHfDDzsKKlvssg,105000,0,0,0,2026-06-15 10:01:14,True,44,0.0,1.68,63.8
https://www.youtube.com/channel/UCwgtqqCIuCTxtNa3e0UxVdQ,Art Mari♡,UCwgtqqCIuCTxtNa3e0UxVdQ,60599,0,0,0,2026-06-15 10:01:29,True,0.0,0.0,7.16,16.55
https://www.youtube.com/channel/UC5fOGzVk7AtBJOTYlh9GaQQ,Slory Shorts,UC5fOGzVk7AtBJOTYlh9GaQQ,136000,0,0,0,2026-06-15 10:01:31,True,0.0,0.0,0.42,33.95
https://www.youtube.com/channel/UCZvtFFj02sn0c9Bi-bNM-Hg,Vazh,UCZvtFFj02sn0c9Bi-bNM-Hg,71800,0,0,0,2026-06-15 10:01:33,True,0.0,0.0,0.47,6.3
https://www.youtube.com/channel/UCT4oPufBQa0f6C67Fw_HXNg,NOS Sport,UCT4oPufBQa0f6C67Fw_HXNg,204000,0,0,0,2026-06-15 10:01:35,True,128184,0.01,0.0,165.7
https://www.youtube.com/channel/UCzAC1L-xcM69QU0FrdChyrA,Family book,UCzAC1L-xcM69QU0FrdChyrA,109000,0,0,0,2026-06-15 10:01:38,True,127,0.01,0.0,17.3
https://www.youtube.com/channel/UCwr1mjmTsfZ9ZoiRh5-t_Dg,INDIE Filmmakers,UCwr1mjmTsfZ9ZoiRh5-t_Dg,113000,0,0,0,2026-06-15 10:01:40,True,0.0,0.0,0.42,22.7
https://www.youtube.com/channel/UCBWxqYyd5QX3QaBtwT6y_YQ,Roe Jogan's History,UCBWxqYyd5QX3QaBtwT6y_YQ,81500,0,0,0,2026-06-15 10:01:42,True,0.0,0.0,1.21,15.5
https://www.youtube.com/channel/UC2k3zMxEZ1KTUjD0wGL_9ug,Anis Hajla,UC2k3zMxEZ1KTUjD0wGL_9ug,74500,0,0,0,2026-06-15 10:01:44,True,528330,0.01,1.32,34.75
https://www.youtube.com/channel/UCRK1lmdB0BdJwhrwDkNmIIg,VinylFarmEU,UCRK1lmdB0BdJwhrwDkNmIIg,24500,0,0,0,2026-06-15 10:01:46,False,2370,0.03,0.95,3899.4
https://www.youtube.com/channel/UC5KKr9EEl_M4Xroj9M421xQ,Cinema Reloaded,UC5KKr9EEl_M4Xroj9M421xQ,26800,0,0,0,2026-06-15 10:01:48,False,277074,0.01,0.95,5394.35
https://www.youtube.com/channel/UC-c2CbWuafUZnyy93iw2zSg,Глаз Морти,UC-c2CbWuafUZnyy93iw2zSg,49400,0,0,0,2026-06-15 10:01:50,True,0.0,0.0,1.05,67.15
https://www.youtube.com/channel/UCzP0P2Vk2CQ6Wa6bSs7AU8A,AmplifiedNL,UCzP0P2Vk2CQ6Wa6bSs7AU8A,14100,0,0,0,2026-06-15 10:01:52,True,1096,0.03,74.26,124.55
https://www.youtube.com/channel/UCFgonenCp8_lVMFuN2JLTHQ,The Study Coach - Tom Vorselen,UCFgonenCp8_lVMFuN2JLTHQ,22799,0,0,0,2026-06-15 10:01:54,True,15674,0.1,0.42,318.75
https://www.youtube.com/channel/UCUDdGb82Xsv4_LQprelLhqA,Ton Does Linux and More!,UCUDdGb82Xsv4_LQprelLhqA,30000,0,0,0,2026-06-15 10:01:56,True,10608,0.06,1.26,612.55
https://www.youtube.com/channel/UCd0aysEgDIAOwG7WL5Tn-Zw,Hopftbl,UCd0aysEgDIAOwG7WL5Tn-Zw,37400,0,0,0,2026-06-15 10:01:58,True,0.0,0.0,2.05,20.75
https://www.youtube.com/channel/UCPqUa27VnSirs9bxKeBDg4w, يوميات هيفا و سيامند  Siyamand and Heva,UCPqUa27VnSirs9bxKeBDg4w,10500,0,0,0,2026-06-15 10:02:00,True,0.0,0.0,16.79,35.05
https://www.youtube.com/channel/UCZMMtIg-pFQGW-xWyn6YEPw,هايف fM,UCZMMtIg-pFQGW-xWyn6YEPw,16200,0,0,0,2026-06-15 10:02:02,True,0.0,0.0,0.32,23.3
https://www.youtube.com/channel/UCqyrYcU4ksWBYPBSKGtd3hQ,RobRants,UCqyrYcU4ksWBYPBSKGtd3hQ,47000,0,0,0,2026-06-15 10:02:16,True,0.0,0.0,0.89,29.35
https://www.youtube.com/channel/UC6thZ2CdEdnUhqwowc7gPHw,Perik En Español,UC6thZ2CdEdnUhqwowc7gPHw,97200,0,0,0,2026-06-15 10:02:19,True,0.0,0.0,0.95,52.1
https://www.youtube.com/channel/UCVc6hoLpM4_eZTcixpaEJ_A,PALYTRA 한국어,UCVc6hoLpM4_eZTcixpaEJ_A,26200,0,0,0,2026-06-15 10:02:21,True,1716940,0.01,5.13,38.69
https://www.youtube.com/channel/UCUpCHal6iHDDZlHjFHb9Ecw,Fyninu,UCUpCHal6iHDDZlHjFHb9Ecw,14600,0,0,0,2026-06-15 10:02:23,True,3000,0.06,4.16,51.65
https://www.youtube.com/channel/UC-JTUShVwFbzKdOu2YuVozw,نور || NOUR,UC-JTUShVwFbzKdOu2YuVozw,44700,0,0,0,2026-06-15 10:02:25,True,905,0.06,1.0,43.35
https://www.youtube.com/channel/UCQKIfY9LhZvlOsGiiPBt7kQ,😻 RIKI CAT WORLD 😻    ,UCQKIfY9LhZvlOsGiiPBt7kQ,14400,0,0,0,2026-06-15 10:02:27,True,68,0.19,0.16,95.3
https://www.youtube.com/channel/UC-P6cC7RFs2JKPL4YJguo3A,BioPatriot,UC-P6cC7RFs2JKPL4YJguo3A,33700,0,0,0,2026-06-15 10:02:29,True,5888,0.12,0.68,296.5
https://www.youtube.com/channel/UCtA4hDayfAjMrLJaMr2jsIg,Whambas,UCtA4hDayfAjMrLJaMr2jsIg,20700,0,0,0,2026-06-15 10:02:31,True,608,0.15,0.63,458.5
https://www.youtube.com/channel/UCT8v7VcYOLiVrJ9p4HRHDMg,Golazo 7,UCT8v7VcYOLiVrJ9p4HRHDMg,12200,0,0,0,2026-06-15 10:02:33,True,0.0,0.0,0.37,38.2
https://www.youtube.com/channel/UCRp9LGU7ipTC5zlEohUVtpw,Gfs C,UCRp9LGU7ipTC5zlEohUVtpw,17500,0,0,0,2026-06-15 10:02:35,True,0.0,0.0,0.47,16.3
https://www.youtube.com/channel/UCFNJ_nBMEdokuNu4sPmSsDQ,RKAi,UCFNJ_nBMEdokuNu4sPmSsDQ,99700,0,0,0,2026-06-15 10:02:58,True,0.0,0.0,0.0,14.25
https://www.youtube.com/channel/UCqn0PcOplEf--P00fo8CXbA,Gold Telefilms,UCqn0PcOplEf--P00fo8CXbA,69800,0,0,0,2026-06-15 10:03:00,False,74798,0.0,0.11,7219.05
https://www.youtube.com/channel/UCq5fHQjcWIrNDHWEGTBXLig,Our Magical World & AI,UCq5fHQjcWIrNDHWEGTBXLig,174000,0,0,0,2026-06-15 10:03:02,True,0.0,0.0,0.26,11.65
https://www.youtube.com/channel/UC4AS3ZMyG81FvGj8l6DiFSg,WPS Office,UC4AS3ZMyG81FvGj8l6DiFSg,82600,0,0,0,2026-06-15 10:03:04,True,0.0,0.0,8.16,23.4
https://www.youtube.com/channel/UCA7YfgC16P2uNrb804HgETw,Beautiful Traps,UCA7YfgC16P2uNrb804HgETw,18600,0,0,0,2026-06-15 10:03:06,True,0.0,0.0,1.05,41.0
https://www.youtube.com/channel/UCCYACMhrc0HjPI041TPlm8A,Mcgregory Kussel,UCCYACMhrc0HjPI041TPlm8A,70400,0,0,0,2026-06-15 10:03:08,True,16870,0.03,0.11,78.8
https://www.youtube.com/channel/UCqV2weg0uKAInSPgEhtfcbQ,ICE - KDRAMA,UCqV2weg0uKAInSPgEhtfcbQ,83300,0,0,0,2026-06-15 10:03:10,False,82346,0.06,3.37,2092.75
https://www.youtube.com/channel/UCIHQ04t7ZG56IeEufQHzF7Q,pedro figmez,UCIHQ04t7ZG56IeEufQHzF7Q,13799,0,0,0,2026-06-15 10:03:12,True,27,0.02,0.05,77.6
https://www.youtube.com/channel/UCPuTblI6MvbR3LZcqPgXXhA,Basic Models Management,UCPuTblI6MvbR3LZcqPgXXhA,42000,0,0,0,2026-06-15 10:03:14,True,333566,0.01,2.32,202.2
https://www.youtube.com/channel/UC3qFejQHA3GzqWJhj-DI6dA,Sabay Tamprey,UC3qFejQHA3GzqWJhj-DI6dA,91800,0,0,0,2026-06-15 10:03:16,False,203933,0.0,5.32,192.95
https://www.youtube.com/channel/UCRQOqZhy4Q_ApqZv385R7HQ,Sopo lite,UCRQOqZhy4Q_ApqZv385R7HQ,57900,0,0,0,2026-06-15 10:03:18,True,0.0,0.0,1.0,22.25
https://www.youtube.com/channel/UCYVU7VG3sX8DTh28mE96xsQ,Asher2.0,UCYVU7VG3sX8DTh28mE96xsQ,73000,0,0,0,2026-06-15 10:03:20,True,0.0,0.0,0.89,65.8
https://www.youtube.com/channel/UCfexx02hjFrsf1yfEQt86CA,一粒杨桃,UCfexx02hjFrsf1yfEQt86CA,29700,0,0,0,2026-06-15 10:03:23,False,11,0.01,0.0,2421.55
https://www.youtube.com/channel/UCHLQXoPj6jCe7KwxGzPaTsA,Breakaway Clips,UCHLQXoPj6jCe7KwxGzPaTsA,45800,0,0,0,2026-06-15 10:03:25,True,0.0,0.0,0.95,10.1
https://www.youtube.com/channel/UCOJKSdlxCvVBQH4ep0i3QWQ,CPF Board,UCOJKSdlxCvVBQH4ep0i3QWQ,38600,0,0,0,2026-06-15 10:03:30,True,3713,0.02,5.68,1300.8
https://www.youtube.com/channel/UCpniJz0ixHZWmE16sUAp_cQ,adrian montland,UCpniJz0ixHZWmE16sUAp_cQ,21300,0,0,0,2026-06-15 10:03:32,True,3002,0.01,0.11,99.35
https://www.youtube.com/channel/UCI7_VE5CXD-XZfKiUlp-Ksw,Mộng Tiên Giới,UCI7_VE5CXD-XZfKiUlp-Ksw,50300,0,0,0,2026-06-15 10:03:45,False,10873,0.05,15.84,481.6
https://www.youtube.com/channel/UCJMFRBMLvJDQ-tWXiMGKbhA,Misha Domnikov,UCJMFRBMLvJDQ-tWXiMGKbhA,124000,0,0,0,2026-06-15 10:03:59,False,129030,0.04,50.63,778.45
https://www.youtube.com/channel/UCm_nSFrTuuXGhGtYPCVDvZg,Prodby_Cine,UCm_nSFrTuuXGhGtYPCVDvZg,44600,0,0,0,2026-06-15 10:04:01,True,0.0,0.0,0.16,12.1
https://www.youtube.com/channel/UCb9qMgoLOjzY0SnOHIQbOlA,Chef 187 ,UCb9qMgoLOjzY0SnOHIQbOlA,177000,0,0,0,2026-06-15 10:04:03,True,923473,0.03,56.0,107.95
https://www.youtube.com/channel/UCO-2YEyukc9Yf2KXkFQ8QIw,Adinew AB,UCO-2YEyukc9Yf2KXkFQ8QIw,61200,0,0,0,2026-06-15 10:04:05,True,329,0.17,42.32,312.85
https://www.youtube.com/channel/UCXfYDiEb6FKsJanNqFO-O_w,Fresh Aep,UCXfYDiEb6FKsJanNqFO-O_w,19700,0,0,0,2026-06-15 10:04:07,True,0.0,0.0,1.95,27.05
https://www.youtube.com/channel/UCRAO9Rifad7W966A98Ad1SA,Di Dee,UCRAO9Rifad7W966A98Ad1SA,113000,0,0,0,2026-06-15 10:04:09,True,0.0,0.0,1.89,40.6
https://www.youtube.com/channel/UC2ferjreYUo649r7bKBUhyQ,ROBINVERSO,UC2ferjreYUo649r7bKBUhyQ,94300,0,0,0,2026-06-15 10:04:11,True,266,0.02,5.37,54.35
https://www.youtube.com/channel/UCZmnlzkd_7V2VU5YigZHhWg,NSK.7,UCZmnlzkd_7V2VU5YigZHhWg,29100,0,0,0,2026-06-15 10:04:13,True,0.0,0.0,2.47,22.65
https://www.youtube.com/channel/UC1cWJhU-ZWkYGLLlnSy8jWA,Strike Motivation,UC1cWJhU-ZWkYGLLlnSy8jWA,45599,0,0,0,2026-06-15 10:04:15,True,0.0,0.0,3.16,55.25
https://www.youtube.com/channel/UCrRxeYRaQcNR_YWwNqpKajA,Eruba Official ,UCrRxeYRaQcNR_YWwNqpKajA,18700,0,0,0,2026-06-15 10:04:17,True,16592,0.01,13.21,64.55
https://www.youtube.com/channel/UCD-pd0Jx5Wm-jqBxsGJHbMg,Estrela Africana🇲🇿,UCD-pd0Jx5Wm-jqBxsGJHbMg,29900,0,0,0,2026-06-15 10:04:19,True,135424,0.14,153.33,875.57
https://www.youtube.com/channel/UC9iWWpQb-9DNjUU7TqMiZQQ,INFIN8,UC9iWWpQb-9DNjUU7TqMiZQQ,30900,0,0,0,2026-06-15 10:04:21,True,11654,0.01,0.53,138.5
https://www.youtube.com/channel/UCmPERJjatoEGyhfrEmwQQzw,Shaun Pearse,UCmPERJjatoEGyhfrEmwQQzw,21900,0,0,0,2026-06-15 10:04:23,True,248673,0.0,7.84,1125.55
https://www.youtube.com/channel/UC1CeUe0qx3s9TykkHgk5XSA,PLG Chanty,UC1CeUe0qx3s9TykkHgk5XSA,30099,0,0,0,2026-06-15 10:04:25,True,1060605,0.01,5.21,76.4
https://www.youtube.com/channel/UCBNIrcdr-YZ1Gnc4P2fF0TQ,Admiral Gaming,UCBNIrcdr-YZ1Gnc4P2fF0TQ,23800,0,0,0,2026-06-15 10:04:27,True,51575,0.05,7.68,674.45
https://www.youtube.com/channel/UCLL_XUNgggLcmTVGBVFAL3Q,Justin99 Official,UCLL_XUNgggLcmTVGBVFAL3Q,22400,0,0,0,2026-06-15 10:04:29,True,3411194,0.01,41.0,125.0
https://www.youtube.com/channel/UCwutfpS2VBUBmtbwD9dn1ow,Shameless Beats,UCwutfpS2VBUBmtbwD9dn1ow,26700,0,0,0,2026-06-15 10:04:31,False,48776,0.01,1.32,308.25
https://www.youtube.com/channel/UCSOq1pvx7uQIsiqJXPkVYKw,Calvin Fallo,UCSOq1pvx7uQIsiqJXPkVYKw,23200,0,0,0,2026-06-15 10:04:33,True,641791,0.02,43.79,122.1
https://www.youtube.com/channel/UCHxYVrz7rpElk0XOOzRe7sw,Credo V Daniels,UCHxYVrz7rpElk0XOOzRe7sw,25600,0,0,0,2026-06-15 10:04:35,True,47815,0.02,331.0,120.36
https://www.youtube.com/channel/UCfVYld7qMNYkOMnIKIP0a0Q,IYASHISA ENTERTAINMENT,UCfVYld7qMNYkOMnIKIP0a0Q,26400,0,0,0,2026-06-15 10:04:37,True,0.0,0.0,0.05,13.05
https://www.youtube.com/channel/UC1Bm8speL_pGYt8tsnZfxGg,PrensesDamlaNehirTV,UC1Bm8speL_pGYt8tsnZfxGg,202000,0,0,0,2026-06-15 10:05:00,True,0.0,0.0,0.05,7.15
https://www.youtube.com/channel/UCjuDaIUVwTPe7GDgw7F5ZoA, Myth,UCjuDaIUVwTPe7GDgw7F5ZoA,250000,0,0,0,2026-06-15 10:05:02,True,686,0.26,0.16,427.15
https://www.youtube.com/channel/UChBo13HHgxKgYD_GDBAgXVA,Doğanın Kanunu,UChBo13HHgxKgYD_GDBAgXVA,97300,0,0,0,2026-06-15 10:05:04,True,42224,0.01,0.16,382.9
https://www.youtube.com/channel/UCY29dHrBYF1IBs8Q_ZmMgjw,abdo tarrab,UCY29dHrBYF1IBs8Q_ZmMgjw,209000,0,0,0,2026-06-15 10:05:07,True,2906,0.01,0.26,88.65
https://www.youtube.com/channel/UCXsJkNu5Vz63hCxGmg9vTjg,Armağan Chikin Chow,UCXsJkNu5Vz63hCxGmg9vTjg,259000,0,0,0,2026-06-15 10:05:09,True,0.0,0.0,0.16,30.25
https://www.youtube.com/channel/UC__ok2O_KcwC__8gT_ejusg,Regurel,UC__ok2O_KcwC__8gT_ejusg,45100,0,0,0,2026-06-15 10:05:11,True,0.0,0.0,0.21,6.0
https://www.youtube.com/channel/UCOAEkyTNoldJ4S3uZiynSZw,Görkem Yavuz,UCOAEkyTNoldJ4S3uZiynSZw,103000,0,0,0,2026-06-15 10:05:13,True,8100,0.05,0.11,439.5
https://www.youtube.com/channel/UCWEZ2ZIWT3wdbAtpxARLktw,Fikir Frekansı,UCWEZ2ZIWT3wdbAtpxARLktw,249000,0,0,0,2026-06-15 10:05:15,True,0.0,0.0,0.26,18.15
https://www.youtube.com/channel/UCHiXOlzYo7oW40BwYn5kTfA,Esmer Özacar ,UCHiXOlzYo7oW40BwYn5kTfA,102000,0,0,0,2026-06-15 10:05:17,True,0.0,0.0,1.32,8.65
https://www.youtube.com/channel/UCAeWzmWREzDmxuPOK4F64pA,THE_LİDER,UCAeWzmWREzDmxuPOK4F64pA,179000,0,0,0,2026-06-15 10:05:19,True,2919,0.02,1.47,45.45
https://www.youtube.com/channel/UC130_2TL-nfZ9dXeuQA5HlQ,Jean Louise Edits,UC130_2TL-nfZ9dXeuQA5HlQ,300000,0,0,0,2026-06-15 10:05:21,True,0.0,0.0,0.79,26.25
https://www.youtube.com/channel/UCjlWFWb3n7dAICl13F2sFbg,Hiranur Dyg,UCjlWFWb3n7dAICl13F2sFbg,116000,0,0,0,2026-06-15 10:05:23,True,0.0,0.0,0.0,6.35
https://www.youtube.com/channel/UCIPK1EW4cdX9cEubbbPopCw,Viraloji,UCIPK1EW4cdX9cEubbbPopCw,147000,0,0,0,2026-06-15 10:05:25,True,0.0,0.0,5.16,24.6
https://www.youtube.com/channel/UCfr94WGP-zmE96f85u0u4Gw,Sahanın Replikleri,UCfr94WGP-zmE96f85u0u4Gw,177000,0,0,0,2026-06-15 10:05:27,True,0.0,0.0,1.0,17.2
https://www.youtube.com/channel/UC-zB9556iWn05exD11Li73g,Hexi MC,UC-zB9556iWn05exD11Li73g,45500,0,0,0,2026-06-15 10:05:50,True,0.0,0.0,1.95,24.95
https://www.youtube.com/channel/UCdwu3eTMxc7jb8pqpR8aAIA,UncleAndrew,UCdwu3eTMxc7jb8pqpR8aAIA,276000,0,0,0,2026-06-15 10:05:52,True,0.0,0.0,0.58,35.75
https://www.youtube.com/channel/UC88L4zjMH3VFDAx6SJ65n4g,Miss Vikki Vibes,UC88L4zjMH3VFDAx6SJ65n4g,50500,0,0,0,2026-06-15 10:05:54,True,0.0,0.0,0.84,11.85
https://www.youtube.com/channel/UCh-Ly2e0yj-mq9z6Qp6_4lg,Kiro,UCh-Ly2e0yj-mq9z6Qp6_4lg,84000,0,0,0,2026-06-15 10:05:56,True,1064,0.05,5.05,129.35
https://www.youtube.com/channel/UC8o1GcUaTdSrBDWjJNzdAmQ,Ernest,UC8o1GcUaTdSrBDWjJNzdAmQ,63900,0,0,0,2026-06-15 10:05:58,True,88182,0.04,0.47,535.15
https://www.youtube.com/channel/UC-oLuPYDZuoxpMY1dBZziMQ,Stroxe Games,UC-oLuPYDZuoxpMY1dBZziMQ,74600,0,0,0,2026-06-15 10:06:00,True,0.0,0.0,0.63,67.6
https://www.youtube.com/channel/UCsEngz7pq_4O7sBfJeyilyA,Бог есть любовь,UCsEngz7pq_4O7sBfJeyilyA,109000,0,0,0,2026-06-15 10:06:02,True,152,0.04,0.89,56.6
https://www.youtube.com/channel/UC_L_24iE6f3EOTJm_l2QIjA,Bambolek,UC_L_24iE6f3EOTJm_l2QIjA,56700,0,0,0,2026-06-15 10:06:04,True,0.0,0.0,2.74,23.9
https://www.youtube.com/channel/UCH4knJ2LLefXOVNnLje7M4w,CreadorDeHumor,UCH4knJ2LLefXOVNnLje7M4w,40199,0,0,0,2026-06-15 10:06:06,False,251779,0.02,4.16,393.6
https://www.youtube.com/channel/UCF2DAS04jB24QH1PoudZAKA,MineStar,UCF2DAS04jB24QH1PoudZAKA,84800,0,0,0,2026-06-15 10:06:08,True,0.0,0.0,3.42,24.35
https://www.youtube.com/channel/UCDnV4fog0C2qEIKSJ4k7f8A,AZ FC MOBILE 2.0,UCDnV4fog0C2qEIKSJ4k7f8A,26300,0,0,0,2026-06-15 10:06:10,True,5,0.2,0.42,30.95
https://www.youtube.com/channel/UCsLcpvsPMhVX9szNiTVhj1Q,Bek_Vamoss,UCsLcpvsPMhVX9szNiTVhj1Q,106000,0,0,0,2026-06-15 10:06:13,True,0.0,0.0,1.26,27.85
https://www.youtube.com/channel/UCdMC4buFmHlBPfkZjCz84Iw,KOCHASIE,UCdMC4buFmHlBPfkZjCz84Iw,106000,0,0,0,2026-06-15 10:06:17,False,119014,0.05,2.32,3099.5
https://www.youtube.com/channel/UCEhE527GcZAL8Z4Wh8YbYpg,NefilimCraft,UCEhE527GcZAL8Z4Wh8YbYpg,90300,0,0,0,2026-06-15 10:06:19,True,541941,0.01,4.11,86.95
https://www.youtube.com/channel/UC7ATSyrO5uyqsJTLswfBTsg,Frusto,UC7ATSyrO5uyqsJTLswfBTsg,13400,0,0,0,2026-06-15 10:06:21,True,8650,0.01,2.53,155.05
https://www.youtube.com/channel/UCnND7xXUxcvU0ruruWRQynQ,ma1iqxz,UCnND7xXUxcvU0ruruWRQynQ,24800,0,0,0,2026-06-15 10:06:23,True,4512,0.13,0.84,35.0
https://www.youtube.com/channel/UCncqXV9PXaFQQZeQdAloN_g,KofiBlox,UCncqXV9PXaFQQZeQdAloN_g,11600,0,0,0,2026-06-15 10:06:25,True,50017,0.03,7.5,479.4
https://www.youtube.com/channel/UCOULIs9i0xm9dnQ2wNNdsYw,Kuban,UCOULIs9i0xm9dnQ2wNNdsYw,41700,0,0,0,2026-06-15 10:06:28,True,213887,0.03,0.21,107.25
https://www.youtube.com/channel/UCUzVgl3a0xOoFUsPAcASPvw,Graf Gry,UCUzVgl3a0xOoFUsPAcASPvw,51500,0,0,0,2026-06-15 10:06:30,True,17837,0.06,1.74,2885.45
https://www.youtube.com/channel/UC2dFHYGcXONVmY2b7NmJSaA,Жалость в душе,UC2dFHYGcXONVmY2b7NmJSaA,57800,0,0,0,2026-06-15 10:06:32,True,0.0,0.0,0.53,16.0
https://www.youtube.com/channel/UCuShe9SKk83h_fN_BERwomg,مهند 7 | Muhannad7,UCuShe9SKk83h_fN_BERwomg,273000,0,0,0,2026-06-15 10:06:55,True,0.0,0.0,3.79,56.65
https://www.youtube.com/channel/UCVzYNj0-YN2xXmYsROdS5tw,Urban Shabab,UCVzYNj0-YN2xXmYsROdS5tw,77100,0,0,0,2026-06-15 10:06:57,True,0.0,0.0,0.37,20.85
https://www.youtube.com/channel/UC-rjbt0JG3XU1DKuQFNj5xA,Songawy,UC-rjbt0JG3XU1DKuQFNj5xA,140000,0,0,0,2026-06-15 10:06:59,True,0.0,0.0,0.89,23.85
https://www.youtube.com/channel/UCVtVP8f0LchJQzHeGUCQHiA,Loujain Beauty,UCVtVP8f0LchJQzHeGUCQHiA,127000,0,0,0,2026-06-15 10:07:01,True,0.0,0.0,0.32,66.65
https://www.youtube.com/channel/UCokRiMa1YrIqVTd2ipuJAHQ,عبودAbood,UCokRiMa1YrIqVTd2ipuJAHQ,139000,0,0,0,2026-06-15 10:07:03,True,0.0,0.0,0.21,6.0
https://www.youtube.com/channel/UCu6vKQ84FMpNgh8MYiq_vMw,shayq شايق,UCu6vKQ84FMpNgh8MYiq_vMw,141000,0,0,0,2026-06-15 10:07:05,True,0.0,0.0,0.42,15.95
https://www.youtube.com/channel/UCCr8IKyXsYz8Oc1dt5w9dcA,Sal.,UCCr8IKyXsYz8Oc1dt5w9dcA,72600,0,0,0,2026-06-15 10:07:07,True,2658,0.03,0.84,79.7
https://www.youtube.com/channel/UCXzG_rKClAN7Qgu9mPkCg8Q,رَجُلٌ بِأُمَّةٍ,UCXzG_rKClAN7Qgu9mPkCg8Q,56800,0,0,0,2026-06-15 10:07:09,True,197418,0.09,3.07,182.27
https://www.youtube.com/channel/UCgE1YrECatAOOPTrp6fXOZg,صفر لواحد,UCgE1YrECatAOOPTrp6fXOZg,45100,0,0,0,2026-06-15 10:07:11,True,108377,0.01,2.0,450.6
https://www.youtube.com/channel/UC63VeRtJyMTPjc1R4oKMnDA,أسرار المعلومة,UC63VeRtJyMTPjc1R4oKMnDA,48000,0,0,0,2026-06-15 10:07:13,True,0.0,0.0,0.58,5.5
https://www.youtube.com/channel/UCibT0cBNeZQq9cnE9q7ErTQ,القران الكريم ربيع قلوبنا,UCibT0cBNeZQq9cnE9q7ErTQ,112000,0,0,0,2026-06-15 10:07:15,True,57512,0.03,0.79,110.35
https://www.youtube.com/channel/UCHik92a6u8tqyqhVckcJQfg,قدراتي غير,UCHik92a6u8tqyqhVckcJQfg,123000,0,0,0,2026-06-15 10:07:19,False,1534,0.06,0.11,884.65
https://www.youtube.com/channel/UCD6RSUF-SfVFAsZkSNtcLmw,BARLLINA | بارلينا,UCD6RSUF-SfVFAsZkSNtcLmw,131000,0,0,0,2026-06-15 10:07:21,True,0.0,0.0,0.11,16.5
https://www.youtube.com/channel/UCenlTicXKLeR6QFIwxs-m1Q,Raed SA / رائد اس اي ,UCenlTicXKLeR6QFIwxs-m1Q,35700,0,0,0,2026-06-15 10:07:23,True,0.0,0.0,0.11,42.95
https://www.youtube.com/channel/UCndl-zts98ZrcFVMNqnqNRw,ASOLI GAMING,UCndl-zts98ZrcFVMNqnqNRw,14300,0,0,0,2026-06-15 10:07:25,False,68557,0.01,0.32,5956.0
https://www.youtube.com/channel/UCCdv5GQGqMdARetWOrFyIQA,HarakaHub,UCCdv5GQGqMdARetWOrFyIQA,60800,0,0,0,2026-06-15 10:07:27,True,0.0,0.0,0.21,11.4
https://www.youtube.com/channel/UCRa3qTC35S1AgZ-LVLyo-bQ, نور الهداية ,UCRa3qTC35S1AgZ-LVLyo-bQ,62100,0,0,0,2026-06-15 10:07:29,True,0.0,0.0,0.16,18.1
https://www.youtube.com/channel/UCxqQZuwiO1_HAKkStaE-Qjw,مشاري العتيبي,UCxqQZuwiO1_HAKkStaE-Qjw,25200,0,0,0,2026-06-15 10:07:42,False,35748,0.1,134.0,1251.33
https://www.youtube.com/channel/UCvEA5buqZp21HjQ86ev1JDA,Mokhtar AIQarah,UCvEA5buqZp21HjQ86ev1JDA,39600,0,0,0,2026-06-15 10:07:44,True,0.0,0.0,1.16,23.5
https://www.youtube.com/channel/UCpTvBEjmFbxSWxSj9sAn1Rg,Md Mojahid,UCpTvBEjmFbxSWxSj9sAn1Rg,65300,0,0,0,2026-06-15 10:07:46,True,0.0,0.0,0.21,10.7
https://www.youtube.com/channel/UCt5lIlTWvdoYwJMWk23makw,HoloSense,UCt5lIlTWvdoYwJMWk23makw,80200,0,0,0,2026-06-15 10:07:48,True,0.0,0.0,0.37,71.2
https://www.youtube.com/channel/UChxYHDQMCh2q1_d9nUHFj0w,lil yappa,UChxYHDQMCh2q1_d9nUHFj0w,50700,0,0,0,2026-06-15 10:07:50,True,767647,0.04,5.37,121.0
https://www.youtube.com/channel/UCrz-Wrxw7_gKoOgr8-SRjFw,Majah92,UCrz-Wrxw7_gKoOgr8-SRjFw,60500,0,0,0,2026-06-15 10:07:52,True,6130,0.1,0.16,216.05
https://www.youtube.com/channel/UCZEk2BpKqdh7JBp1xj5kT1w,Farm-Chain Factory,UCZEk2BpKqdh7JBp1xj5kT1w,258000,0,0,0,2026-06-15 10:08:06,True,0.0,0.0,0.05,8.8
https://www.youtube.com/channel/UCnoxNi6lF3CfqvGzQZZ7w6w,القارئ مختار الحاج - Mukhtar Al Hajj,UCnoxNi6lF3CfqvGzQZZ7w6w,162000,0,0,0,2026-06-15 10:08:08,True,960,0.01,0.42,8095.4
https://www.youtube.com/channel/UCFxFg9p25z78_Hb0JnDF4nw,cristianoaex,UCFxFg9p25z78_Hb0JnDF4nw,91800,0,0,0,2026-06-15 10:08:10,True,0.0,0.0,0.63,25.5
https://www.youtube.com/channel/UCRuEfRXyL8h2nZoOBxWVZvQ,Playgama,UCRuEfRXyL8h2nZoOBxWVZvQ,264000,0,0,0,2026-06-15 10:08:12,True,640,0.04,0.47,77.05
https://www.youtube.com/channel/UCfPOOMer1KBbV_Uwb92szoQ,RJ Studio Hills,UCfPOOMer1KBbV_Uwb92szoQ,30900,0,0,0,2026-06-15 10:08:14,True,18509,0.01,0.74,152.85
https://www.youtube.com/channel/UCkysL4rh22oiIl8K2EuQeCw,Jibber with Jaber,UCkysL4rh22oiIl8K2EuQeCw,159000,0,0,0,2026-06-15 10:08:16,True,16896,0.04,4.05,1030.35
https://www.youtube.com/channel/UCMTEnvGqKgU9zY7JFJGyVVA,عالم المسلسلات World of Turkish Series,UCMTEnvGqKgU9zY7JFJGyVVA,199000,0,0,0,2026-06-15 10:08:18,True,158812,0.02,0.26,2679.35
https://www.youtube.com/channel/UCRL-qI3RI7SujpXttHuRq0g,PicturesKart,UCRL-qI3RI7SujpXttHuRq0g,40500,0,0,0,2026-06-15 10:08:21,False,13264,0.0,0.11,7617.0
https://www.youtube.com/channel/UCrIsaZzfHzOHLAhVWCL65sQ,ستار الدرامية - StarDrama Tv,UCrIsaZzfHzOHLAhVWCL65sQ,73700,0,0,0,2026-06-15 10:08:23,False,286902,0.03,1.74,3493.25
https://www.youtube.com/channel/UCtTbuH63tj7TPxNutAxJD0w,Movie Zilla - Hindi Movies,UCtTbuH63tj7TPxNutAxJD0w,41800,0,0,0,2026-06-15 10:08:25,False,518406,0.0,1.89,7441.35
https://www.youtube.com/channel/UC1Clsnvg9QpVJPeF_6ao2Fw,Trend Music -M-Z,UC1Clsnvg9QpVJPeF_6ao2Fw,106000,0,0,0,2026-06-15 10:08:27,True,41334,0.04,0.47,48.5
https://www.youtube.com/channel/UC0vQzkNBlzCxq2l5LRuX3qg,Elev8 Music,UC0vQzkNBlzCxq2l5LRuX3qg,45199,0,0,0,2026-06-15 10:08:29,True,4576305,0.0,3.79,40.1
https://www.youtube.com/channel/UCpcYSb0QCYXyyQzNB4UlqAw,فضول | Fodool,UCpcYSb0QCYXyyQzNB4UlqAw,32000,0,0,0,2026-06-15 10:08:31,True,0.0,0.0,58.33,39.86
https://www.youtube.com/channel/UC3LsDvTAXGQywslz4KXZCIg,Mohamad Kaiss,UC3LsDvTAXGQywslz4KXZCIg,46400,0,0,0,2026-06-15 10:08:33,True,48194,0.02,0.53,288.25
https://www.youtube.com/channel/UCvB6r-7z3pyeIyYKljzt4rA,D U M B O,UCvB6r-7z3pyeIyYKljzt4rA,77200,0,0,0,2026-06-15 10:08:35,True,13212,0.03,1.68,235.35
https://www.youtube.com/channel/UCCYSAHJI83AXb1UrwrQAO8A,جيوب ذكية,UCCYSAHJI83AXb1UrwrQAO8A,49300,0,0,0,2026-06-15 10:08:37,True,0.0,0.0,0.58,9.15
https://www.youtube.com/channel/UC8IqDQ1N9TnGmvwpEX8_X3g,Jinina,UC8IqDQ1N9TnGmvwpEX8_X3g,11299,0,0,0,2026-06-15 10:08:39,True,44496,0.07,193.0,141.0
https://www.youtube.com/channel/UCalSAxGBabne-E-VKbkqRlg,abd abojad,UCalSAxGBabne-E-VKbkqRlg,19900,0,0,0,2026-06-15 10:08:41,True,0.0,0.0,2.68,44.7
https://www.youtube.com/channel/UCu1QrroFHO_ad3E5CXjYIjA,Karim Elshamy - كريم الشامي,UCu1QrroFHO_ad3E5CXjYIjA,105000,0,0,0,2026-06-15 10:09:04,True,0.0,0.0,0.79,46.65
https://www.youtube.com/channel/UCmOzgWOz_OfwBShm-q3eekg,Guide To Islam,UCmOzgWOz_OfwBShm-q3eekg,63400,0,0,0,2026-06-15 10:09:06,True,1087,0.08,0.63,143.2
https://www.youtube.com/channel/UCzwK7wVU58IagvXrmT6nKbQ,Elkas Online,UCzwK7wVU58IagvXrmT6nKbQ,20700,0,0,0,2026-06-15 10:09:08,True,104,0.06,13.63,239.3
