优先级,频道名称,频道链接,起始订阅,当前订阅,周增长量,周增长率%,质量评分,数据天数,更新时间
✅ 一般增长,Adam Byatt,https://www.youtube.com/channel/UC4tQodst5JD0nHzD5VX0OAA,200000,209000,9000,4.5,3,7,2026-01-24 03:46:33
✅ 一般增长,Olympique Lyonnais,https://www.youtube.com/channel/UCzHCZXmqIdjqRnpdp0l_T6g,291000,300000,9000,3.09,3,7,2026-01-24 03:49:12
✅ 一般增长,El Novux,https://www.youtube.com/channel/UCEtzTQj_XDBUQBBRFWjY8aw,182000,189000,7000,3.85,3,7,2026-01-24 03:50:58
✅ 一般增长,江國中分析師-摩爾證券投顧,https://www.youtube.com/channel/UCxhmFqqd28z04vjagnMpJpg,173000,179000,6000,3.47,3,7,2026-01-24 03:55:32
✅ 一般增长,Gabri,https://www.youtube.com/channel/UCaBZ-h4jH3sAlTC5xA24DDQ,250000,258000,8000,3.2,3,4,2026-01-24 03:58:30
✅ 一般增长,1日見てもいいですか?,https://www.youtube.com/channel/UC8Niu74NfPEg82yvHBKb4YA,247000,255000,8000,3.24,3,4,2026-01-24 03:59:09
✅ 一般增长,Club Universitario de Deportes,https://www.youtube.com/channel/UCcHwWDdFsOOafMXIWYlNZSQ,254000,264000,10000,3.94,3,4,2026-01-24 04:00:16
✅ 一般增长,ElMariana VOD,https://www.youtube.com/channel/UClVOuiMteSNBRUSqpEZ8gng,102000,106000,4000,3.92,2,7,2026-01-24 03:44:46
✅ 一般增长,Happy Ningels Official  Channel　ハッピーニンジェルズ,https://www.youtube.com/channel/UC3E1CowdnB9D3rZhwU_XgRQ,115000,120000,5000,4.35,2,7,2026-01-24 03:44:51
✅ 一般增长,LCE Performance,https://www.youtube.com/channel/UC2r3PTja_BpDett1pwM86Hw,120000,124000,4000,3.33,2,7,2026-01-24 03:46:41
✅ 一般增长,Shiny Iris,https://www.youtube.com/channel/UCOYj21GaOu8Vw0YKLBA9ScQ,113000,118000,5000,4.42,2,7,2026-01-24 03:46:47
✅ 一般增长,Astuces Privées,https://www.youtube.com/channel/UCcdOcA90fqQctwbNH9KMObQ,118000,122000,4000,3.39,2,7,2026-01-24 03:46:48
✅ 一般增长,Goldie Ghamari | گلسا قمری,https://www.youtube.com/channel/UCHeQ2gXTTiLUvpgSuM8qPCg,153000,158000,5000,3.27,2,7,2026-01-24 03:47:24
✅ 一般增长,Creventic Motorsports TV,https://www.youtube.com/channel/UCopWjPe1QbOFNf1dMs97E-w,112000,116000,4000,3.57,2,7,2026-01-24 03:48:18
✅ 一般增长,Chemma,https://www.youtube.com/channel/UCSfRL6ru8bpCkOa1nuW9qFw,99500,103000,3500,3.52,2,7,2026-01-24 03:48:47
✅ 一般增长,AL BALAGH ACADEMY,https://www.youtube.com/channel/UCzOuRwpscifKEr96IuXnwYA,123000,127000,4000,3.25,2,7,2026-01-24 03:49:05
✅ 一般增长,sameeKG,https://www.youtube.com/channel/UCQEtNZXck94IuiXvICYCIOQ,128000,132000,4000,3.12,2,7,2026-01-24 03:52:41
✅ 一般增长,BEACON OF HOPE MAGAZINE TV,https://www.youtube.com/channel/UChpFV8RtdpROHMzHpBVO1dA,126000,131000,5000,3.97,2,7,2026-01-24 03:54:17
✅ 一般增长,NotHavingMilk,https://www.youtube.com/channel/UCWZNx9yeA6Luo9_3pXu--fQ,130000,135000,5000,3.85,2,7,2026-01-24 03:56:51
✅ 一般增长,C24,https://www.youtube.com/channel/UCp59xURLbH7uIuq9tYvDNFA,117000,121000,4000,3.42,2,7,2026-01-24 03:57:07
✅ 一般增长,Moning Movie,https://www.youtube.com/channel/UCOlcXeKWcE0cGhMeh6fImaA,123000,128000,5000,4.07,2,4,2026-01-24 03:58:36
✅ 一般增长,ช่างเอส มะอะอุ,https://www.youtube.com/channel/UCMhWwJXCDeSwsd50m7cGWcQ,127000,131000,4000,3.15,2,4,2026-01-24 03:58:38
✅ 一般增长,YAN CHANNEL / ヤンチャンネル,https://www.youtube.com/channel/UCdraW9_OwMsys3kVWoQ20rA,148000,153000,5000,3.38,2,4,2026-01-24 03:59:16
✅ 一般增长,Maamar Metmati Officiel,https://www.youtube.com/channel/UCQuV95SS9tPgnb87PaVmv_Q,127000,132000,5000,3.94,2,4,2026-01-24 03:59:46
✅ 一般增长,2D KMT,https://www.youtube.com/channel/UCyJy2So3Vp9WDPmzLAocdgg,116000,121000,5000,4.31,2,3,2026-01-24 04:02:24
✅ 一般增长,B-NATION,https://www.youtube.com/channel/UCdnSyxGR1ouA9KPphH8aD3Q,16800,17400,600,3.57,1,7,2026-01-24 03:45:20
✅ 一般增长,PaimaVT,https://www.youtube.com/channel/UCnYnG-q-SUIcp_jakuDlPQg,18000,18700,700,3.89,1,7,2026-01-24 03:45:23
✅ 一般增长,ドンデコルテ公式ch,https://www.youtube.com/channel/UC4y-_Xwudf7gB5sXsbipDkQ,42000,43600,1600,3.81,1,7,2026-01-24 03:46:18
✅ 一般增长,Yaam Explain ,https://www.youtube.com/channel/UClTI8UmXn17w93WAj1LEaXw,50700,52700,2000,3.94,1,7,2026-01-24 03:46:34
✅ 一般增长,Anaïd. B,https://www.youtube.com/channel/UCOMduufj3LofaJXu9VAMJUg,13400,13900,500,3.73,1,7,2026-01-24 03:46:46
✅ 一般增长,Pariflix,https://www.youtube.com/channel/UChCKz_QLA7f8N_Hy8-12Ycw,15600,16300,700,4.49,1,7,2026-01-24 03:47:10
✅ 一般增长,BrandonGamer20YT,https://www.youtube.com/channel/UC-Jcj3mYNDt4JOVZOtpMOuw,27800,28800,1000,3.6,1,7,2026-01-24 03:47:43
✅ 一般增长,Livestream MN,https://www.youtube.com/channel/UC9-sonEmohJWbjv7270As4A,11900,12400,500,4.2,1,7,2026-01-24 03:48:01
✅ 一般增长,韓國身肌湯shenjitang,https://www.youtube.com/channel/UC2o9bPM8ZBK1ba8X2pgEUxQ,37800,39200,1400,3.7,1,7,2026-01-24 03:48:11
✅ 一般增长,拳击迷Boxing,https://www.youtube.com/channel/UCTFmGhwzBz-OHb_CXHdwQRQ,21000,21800,800,3.81,1,7,2026-01-24 03:48:13
✅ 一般增长,Komorebi Tales,https://www.youtube.com/channel/UCCxTV9QRabjzdZwO7Jtvj5w,20000,20900,900,4.5,1,7,2026-01-24 03:48:28
✅ 一般增长,tama fishing Japan,https://www.youtube.com/channel/UCLtmSR86_vhh6dAgiig4FIA,44800,46200,1400,3.12,1,7,2026-01-24 03:48:52
✅ 一般增长,Ette,https://www.youtube.com/channel/UCzVWz3erIZbLmqjfeQPiWOA,75100,78000,2900,3.86,1,7,2026-01-24 03:49:06
✅ 一般增长,lizzy & Osa's family ,https://www.youtube.com/channel/UCDq06mAulJJEJAcqLd1QW0w,93500,97100,3600,3.85,1,7,2026-01-24 03:49:07
✅ 一般增长,Serkan Hekimoğlu ,https://www.youtube.com/channel/UCLYz10jgrTYwIge19inGiKw,44500,46300,1800,4.04,1,7,2026-01-24 03:49:10
✅ 一般增长,MYAN SEVEN Information ,https://www.youtube.com/channel/UC2GYQhCqfefzx9BkJVLmuCQ,33300,34700,1400,4.2,1,7,2026-01-24 03:50:09
✅ 一般增长,青橙greenorange,https://www.youtube.com/channel/UC3JnCeNJqi0NazQBFP8E7IQ,19100,19900,800,4.19,1,7,2026-01-24 03:50:28
✅ 一般增长,Lihle M,https://www.youtube.com/channel/UCCbHZXzuJUmQmC_HypD4YVA,16200,16900,700,4.32,1,7,2026-01-24 03:50:41
✅ 一般增长,Aventura y Sabor,https://www.youtube.com/channel/UCHwddjHRcOVs5424BiyIxVg,25800,26900,1100,4.26,1,7,2026-01-24 03:51:00
✅ 一般增长,ExYtrew,https://www.youtube.com/channel/UC-obPC3bqmARBhxIQObisJQ,15300,15800,500,3.27,1,7,2026-01-24 03:51:03
✅ 一般增长,Mediante la Palabra,https://www.youtube.com/channel/UCaefEpwyZODu1pA1nlRC0ig,51000,53200,2200,4.31,1,7,2026-01-24 03:51:04
✅ 一般增长,日本皇室の秘密365,https://www.youtube.com/channel/UCvt2Ufsol9yG9KLHGnmpOaA,19600,20400,800,4.08,1,7,2026-01-24 03:51:10
✅ 一般增长,GymBeam IT,https://www.youtube.com/channel/UCRCfLEOqxPpNHZkiMNSdVDQ,92300,95600,3300,3.58,1,7,2026-01-24 03:51:47
✅ 一般增长,Astromood con Jhan Sandoval ,https://www.youtube.com/channel/UCMowYbn2U1x_Bih4l2QY9zw,11100,11500,400,3.6,1,7,2026-01-24 03:52:12
✅ 一般增长,Shiva - Mother,https://www.youtube.com/channel/UCOjs7dL23QVOlsRwFDAI4uw,27700,28600,900,3.25,1,7,2026-01-24 03:52:24
✅ 一般增长,Canal 33 Noticias,https://www.youtube.com/channel/UCZmZ8OjbrweO1neWu6NJtGA,17300,18000,700,4.05,1,7,2026-01-24 03:52:46
✅ 一般增长,猫ヌコちゃんねる,https://www.youtube.com/channel/UCjLHZUH5r81x9CwLd7e9saQ,28500,29500,1000,3.51,1,7,2026-01-24 03:52:50
✅ 一般增长,腰元涼🌸,https://www.youtube.com/channel/UCzFtsM9q_B2hqQm2f3fmBdA,87600,90900,3300,3.77,1,7,2026-01-24 03:52:54
✅ 一般增长,ASY REHE,https://www.youtube.com/channel/UCApPwhiifJYQKveHmYEC6Ig,23900,24800,900,3.77,1,7,2026-01-24 03:53:01
✅ 一般增长,IN DIE GENE,https://www.youtube.com/channel/UC1b0EYAeza_P0TPMmqX8p6g,16600,17300,700,4.22,1,7,2026-01-24 03:53:20
✅ 一般增长,MoreJoey,https://www.youtube.com/channel/UCYqAuJTWahnzdxrpapujJ6Q,76300,79400,3100,4.06,1,7,2026-01-24 03:53:25
✅ 一般增长,Canal Telecaribe,https://www.youtube.com/channel/UCZudXgtqD1e5L8g92MPZKCw,37900,39100,1200,3.17,1,7,2026-01-24 03:53:38
✅ 一般增长,Danny_urcia16,https://www.youtube.com/channel/UCrViS1o-KEVEsIF-s91G2dQ,48400,49900,1500,3.1,1,7,2026-01-24 03:53:43
✅ 一般增长,Wheres Northy,https://www.youtube.com/channel/UCYcd9fY46J1YgSDq0cMpxZQ,31500,32700,1200,3.81,1,7,2026-01-24 03:55:04
✅ 一般增长,樂郵日本 JoyJPHub,https://www.youtube.com/channel/UCIWytKyUs4w49CjZKz8oTWQ,48700,50500,1800,3.7,1,7,2026-01-24 03:55:45
✅ 一般增长,HennieTV,https://www.youtube.com/channel/UCgLsXWZF8uexC03c4xHNi8w,11500,11900,400,3.48,1,7,2026-01-24 03:55:50
✅ 一般增长,有野ダークサイドch,https://www.youtube.com/channel/UC8zlWNFM-iCWZDup6BkoaNA,83100,86100,3000,3.61,1,7,2026-01-24 03:56:17
✅ 一般增长,Funny Color Animation,https://www.youtube.com/channel/UCotXEIUZefeSvv1rpQqD8Rw,60800,63200,2400,3.95,1,7,2026-01-24 03:56:39
✅ 一般增长,Joaco Cámara,https://www.youtube.com/channel/UCDdMHdfCIbiKhL82KrxeJkA,69500,72000,2500,3.6,1,7,2026-01-24 03:56:52
✅ 一般增长,Three Flowers,https://www.youtube.com/channel/UChiblbvxbnj1mMgar-elvLQ,10100,10500,400,3.96,1,7,2026-01-24 03:57:17
✅ 一般增长,Emily Bache,https://www.youtube.com/channel/UCbuQlQNyHopxoo046XCU6jQ,14000,14500,500,3.57,1,7,2026-01-24 03:57:28
✅ 一般增长,Gal גל Max Maximilian,https://www.youtube.com/channel/UCyuFs2QMUYMeWJEDpBh189A,33400,34600,1200,3.59,1,7,2026-01-24 03:57:31
✅ 一般增长,CARABIN3 Oficial,https://www.youtube.com/channel/UC6jxpqc-T7Hp_90MESZCwdA,43400,45000,1600,3.69,1,4,2026-01-24 03:58:25
✅ 一般增长,ลาบก้อยแก๊ง,https://www.youtube.com/channel/UCRL6RQBKNiWAoMnGuc9Nlaw,25500,26300,800,3.14,1,4,2026-01-24 03:58:31
✅ 一般增长,張修修的不正常人類研究所 Abnormal Human Research Center,https://www.youtube.com/channel/UCvipegP35x3-OcAs--PgAig,27600,28500,900,3.26,1,4,2026-01-24 03:58:53
✅ 一般增长,Chikare,https://www.youtube.com/channel/UC5JGot3RCeUPTqRcFhOs0fA,16200,16700,500,3.09,1,4,2026-01-24 03:58:59
✅ 一般增长,LEKS,https://www.youtube.com/channel/UCdfsDNadEk3ONLsD6pEFzpw,39500,41100,1600,4.05,1,4,2026-01-24 03:59:45
✅ 一般增长,YoiShay,https://www.youtube.com/channel/UC0nI97TgAy5xTB42v3QgPtQ,32900,34300,1400,4.26,1,4,2026-01-24 04:00:06
✅ 一般增长,Under Periodismo,https://www.youtube.com/channel/UCfj0w6mSL-pwnhz10oACA7Q,47700,49700,2000,4.19,1,4,2026-01-24 04:00:09
✅ 一般增长,Onenews Myanmar,https://www.youtube.com/channel/UCfVoRV7pBXq0vuvc7dByzvw,38000,39400,1400,3.68,1,4,2026-01-24 04:00:29
✅ 一般增长,Asroning,https://www.youtube.com/channel/UCkszoV3Njc5xQSWqENa27nw,31300,32300,1000,3.19,1,4,2026-01-24 04:00:31
✅ 一般增长,HPសម្រាយរឿង,https://www.youtube.com/channel/UCYbOzRLr9zxMhzRl4SaaDKA,12400,12900,500,4.03,1,4,2026-01-24 04:00:36
✅ 一般增长,Paweł Rosa,https://www.youtube.com/channel/UC99tZv67Lnpz2j634MY9n2g,77400,80400,3000,3.88,1,4,2026-01-24 04:01:03
✅ 一般增长,Van Creando,https://www.youtube.com/channel/UCQBk7L4MQmjrgsgYqxOi_4g,21400,22200,800,3.74,1,3,2026-01-24 04:01:16
✅ 一般增长,Dada Meteo,https://www.youtube.com/channel/UCCVtvu5g-Mfevso83XYnxrA,11300,11700,400,3.54,1,3,2026-01-24 04:01:55
✅ 一般增长,Alexistattoo94,https://www.youtube.com/channel/UC0BAvdATRQkO4BP8LXuDDYA,30300,31300,1000,3.3,1,3,2026-01-24 04:02:07
✅ 一般增长,JAVA ESPORTS ,https://www.youtube.com/channel/UCMOs01r4TBI3AnFpk3N7lyg,27700,28900,1200,4.33,1,3,2026-01-24 04:02:08
✅ 一般增长,snrodeotv,https://www.youtube.com/channel/UCVuz3_H0l72N4Jfbam1VZSQ,19000,19800,800,4.21,1,3,2026-01-24 04:02:18
✅ 一般增长,💎တူးဒီ ကင်းကို သောင်း💎,https://www.youtube.com/channel/UCYaGzMbHfkkK53DVrQixiZg,64100,66100,2000,3.12,1,3,2026-01-24 04:02:21
✅ 一般增长,imdanjo,https://www.youtube.com/channel/UCbQiL0V4tEINoOjtdqSkiOw,30600,31800,1200,3.92,1,3,2026-01-24 04:02:26
✅ 一般增长,海格讀書會(每周更新)專注財經及經濟學人分享 ,https://www.youtube.com/channel/UCdm2Ns2sWJDHbPaZOxhRDuQ,15600,16200,600,3.85,1,3,2026-01-24 04:02:36
✅ 一般增长,Stella Borg Simple Life Art ,https://www.youtube.com/channel/UCoD2U5TnDHE3g3K0J6LDm1Q,47000,48600,1600,3.4,1,3,2026-01-24 04:02:40
✅ 一般增长,Accumulated Thoughts,https://www.youtube.com/channel/UCUVcQUAu8UBAiQUIDAhM8VQ,18000,18700,700,3.89,1,3,2026-01-24 04:02:42
✅ 一般增长,Phật Pháp Độ Sinh,https://www.youtube.com/channel/UCYkHt_LAj8Z1JIBHu3QHxRA,30800,32100,1300,4.22,1,3,2026-01-24 04:02:45
✅ 一般增长,IDENTITÉ PURE,https://www.youtube.com/channel/UCXav3f8oYS8Rw-MyTWGlALA,12200,12700,500,4.1,1,3,2026-01-24 04:02:49
⭐ 优质增长,Dream Flicks,https://www.youtube.com/channel/UCZo4y2Hz3MqQgqJTJGNIynQ,77500,112000,34500,44.52,7,6,2026-01-09 04:10:44
⭐ 优质增长,Foxette Universe,https://www.youtube.com/channel/UCyvRhoSh82DcfyJWh-qhTHQ,214000,244000,30000,14.02,7,7,2026-01-24 03:44:38
⭐ 优质增长,AZTEC RECORDS UK: RETROWAVE - SYNTHWAVE - SYNTHPOP,https://www.youtube.com/channel/UC2MjX2WCflm04ua2-AVSdvg,105000,137000,32000,30.48,7,7,2026-01-24 03:45:01
⭐ 优质增长,Trend Burst,https://www.youtube.com/channel/UCGHKMobq4X2GceyN4YKCKaA,80600,106000,25400,31.51,7,7,2026-01-24 03:45:56
⭐ 优质增长,JeraiCathy,https://www.youtube.com/channel/UCXt5kI4_qjV8z5AC-PK8D4g,197000,242000,45000,22.84,7,7,2026-01-24 03:45:57
⭐ 优质增长,SV SuperFans,https://www.youtube.com/channel/UCOv_7tb7p6iFf9TAnrC5S6w,233000,278000,45000,19.31,7,7,2026-01-24 03:47:47
⭐ 优质增长,Taypk7,https://www.youtube.com/channel/UCrJhxqlkIx6znbsc4MS1eFQ,217000,246000,29000,13.36,7,7,2026-01-24 03:49:45
⭐ 优质增长,CarbonEvo,https://www.youtube.com/channel/UCOmvH-v5tndhZwMhkpQOH6w,134000,179000,45000,33.58,7,7,2026-01-24 03:50:46
⭐ 优质增长,BTV_Michael_币链何在,https://www.youtube.com/channel/UCa1wzM7n6YNpptxR6s6xezw,232000,259000,27000,11.64,7,7,2026-01-24 03:52:23
⭐ 优质增长,Speedy Y Milo,https://www.youtube.com/channel/UCQqpgyPrNIQxUf1mAy8aU-g,169000,205000,36000,21.3,7,7,2026-01-24 03:56:08
⭐ 优质增长,Sahabat Peristiwa ,https://www.youtube.com/channel/UCUpdjARAR5vPL7HtPGCx1KA,80400,123000,42600,52.99,7,7,2026-01-24 03:57:06
⭐ 优质增长,Sanjay vishwakarma,https://www.youtube.com/channel/UCdJw2jcLMDdN9DVUj5Lvgww,92500,135000,42500,45.95,7,7,2026-01-24 03:57:29
⭐ 优质增长,The Wiggles - Classic,https://www.youtube.com/channel/UCi4EKIP-WQFasCR90yW8blA,251000,291000,40000,15.94,7,4,2026-01-24 03:58:07
⭐ 优质增长,iDrama - Stream Movies & TV,https://www.youtube.com/channel/UCPmsSWU4BuZK4tOv5HXVq_g,243000,275000,32000,13.17,7,4,2026-01-24 04:00:45
⭐ 优质增长,Awita R,https://www.youtube.com/channel/UCSTEaWMb8Ui4vwczL1R31cg,311000,341000,30000,9.65,6,7,2026-01-24 03:44:42
⭐ 优质增长,Blank Channel,https://www.youtube.com/channel/UCQ0n5-y1l-B9e1SDmySj4Nw,91600,105000,13400,14.63,6,7,2026-01-24 03:45:32
⭐ 优质增长,AI Daus Batjo,https://www.youtube.com/channel/UCECsorcMC7NCo75_D14DcOA,154000,171000,17000,11.04,6,7,2026-01-24 03:45:33
⭐ 优质增长,보통의 경제학 - 쉬운 경제 지식,https://www.youtube.com/channel/UCXa2557vQIHgOSpuxuhfE4w,126000,144000,18000,14.29,6,7,2026-01-24 03:46:24
⭐ 优质增长,Collectif Rugby,https://www.youtube.com/channel/UCcXIrjjR2wprvKr2eXirg1A,127000,147000,20000,15.75,6,7,2026-01-24 03:46:50
⭐ 优质增长,R3VOL,https://www.youtube.com/channel/UCukshYg0XzlUQLmANrYGqxg,79500,102000,22500,28.3,6,7,2026-01-24 03:47:01
⭐ 优质增长,Jigme TG,https://www.youtube.com/channel/UCdMcr54n3VACUiL93QbJ7Rg,117000,134000,17000,14.53,6,7,2026-01-24 03:47:15
⭐ 优质增长,Mosben,https://www.youtube.com/channel/UCbh5U3mR27MoXc7ShYHcndA,187000,210000,23000,12.3,6,7,2026-01-24 03:47:52
⭐ 优质增长,Luisera,https://www.youtube.com/channel/UCATw4Qk7cSMi-hWHzoACv3Q,164000,183000,19000,11.59,6,7,2026-01-24 03:48:42
⭐ 优质增长,Wakibrine,https://www.youtube.com/channel/UClsOYNG1IV1l_OvJtizdtMg,150000,167000,17000,11.33,6,7,2026-01-24 03:49:41
⭐ 优质增长,elixir,https://www.youtube.com/channel/UCcBFxaNrM1cOZ_VQez2auGQ,155000,171000,16000,10.32,6,7,2026-01-24 03:49:42
⭐ 优质增长,RotLab,https://www.youtube.com/channel/UCFDAHCwKTlc846o49fMn-Og,89100,101000,11900,13.36,6,7,2026-01-24 03:50:15
⭐ 优质增长,Techno Chitra,https://www.youtube.com/channel/UCursyicPTqHe-qV72IlJyJg,113000,132000,19000,16.81,6,7,2026-01-24 03:50:38
⭐ 优质增长,HARRY HILL,https://www.youtube.com/channel/UCrYkkiwqUZeDbLhQHXdbpZw,17700,50100,32400,183.05,6,7,2026-01-24 03:51:28
⭐ 优质增长,Hample TV,https://www.youtube.com/channel/UCpd7OBWzfawoMWKh5xNi_tg,88500,102000,13500,15.25,6,7,2026-01-24 03:52:36
⭐ 优质增长,メンタルヘルス岡本記念財団,https://www.youtube.com/channel/UCxj6bb8y86690dS8sYIprNQ,104000,120000,16000,15.38,6,7,2026-01-24 03:52:47
⭐ 优质增长,El Faro Interior,https://www.youtube.com/channel/UC-99HKYO1fyGM2j6lATRmxg,90000,104000,14000,15.56,6,7,2026-01-24 03:54:52
⭐ 优质增长,Super Toons TV - Mejores dibujos animados,https://www.youtube.com/channel/UCQKCfyuCEmye6xK-2H9ZpYA,182000,201000,19000,10.44,6,7,2026-01-24 03:56:10
⭐ 优质增长,그녀의 감성트롯,https://www.youtube.com/channel/UC3NxvX3ZvkCvNyRQXjgxNfg,119000,131000,12000,10.08,6,7,2026-01-24 03:56:25
⭐ 优质增长,IOQS - المعهد الدولي للدراسات القرءانية,https://www.youtube.com/channel/UCB0voBukOFpOQqdeX7_Y8_Q,160000,182000,22000,13.75,6,7,2026-01-24 03:56:34
⭐ 优质增长,Team Bullet Offroad ,https://www.youtube.com/channel/UCYtSuF5wHAIvVFDr6JTxrmg,266000,292000,26000,9.77,6,7,2026-01-24 03:56:44
⭐ 优质增长,Здоровый Ритм,https://www.youtube.com/channel/UCuivGXZBDTR4iGwiJynf67A,105000,120000,15000,14.29,6,7,2026-01-24 03:57:33
⭐ 优质增长,Nina Shorts BR,https://www.youtube.com/channel/UCE1_N2dKsy5aPaqgzpelVaQ,22600,63800,41200,182.3,6,4,2026-01-24 03:57:40
⭐ 优质增长,Karly Fuun,https://www.youtube.com/channel/UCrDIQgKmBhNtldTTwtrpTHg,151000,167000,16000,10.6,6,4,2026-01-24 03:57:42
⭐ 优质增长,XHISUI CHIKITO,https://www.youtube.com/channel/UC4Tv4T1tUdx7RG4JjHpwBqA,92400,104000,11600,12.55,6,4,2026-01-24 03:58:24
⭐ 优质增长,Os Sinais Sutis,https://www.youtube.com/channel/UCOxBAB_CKp6YmCpTJMsI0zQ,21800,48300,26500,121.56,6,4,2026-01-24 03:59:07
⭐ 优质增长,銀城サイネ / Ginjo Saine,https://www.youtube.com/channel/UC2xXx1m1jeL0W84_0jTg-Yw,105000,117000,12000,11.43,6,4,2026-01-24 03:59:13
⭐ 优质增长,데이썰,https://www.youtube.com/channel/UCAf9HgbL2uv-hWGpOpXosEw,104000,117000,13000,12.5,6,4,2026-01-24 03:59:22
⭐ 优质增长,LuLu Melon - Kids Songs,https://www.youtube.com/channel/UCqVVBeR88TBlymKX2e1zFsA,89000,104000,15000,16.85,6,4,2026-01-24 03:59:30
⭐ 优质增长,Emotional Pop,https://www.youtube.com/channel/UCl8NS8-pwHz2HBU11wCA73w,122000,136000,14000,11.48,6,4,2026-01-24 03:59:32
⭐ 优质增长,Josef aus dem Pitztal (C),https://www.youtube.com/channel/UCoFPBAWCC0hI5BoC4WJc2Kg,132000,151000,19000,14.39,6,4,2026-01-24 03:59:40
⭐ 优质增长,Feekz ,https://www.youtube.com/channel/UCQM6iYUQVKg2vrdw--DOaGQ,209000,233000,24000,11.48,6,4,2026-01-24 04:00:30
📈 稳定增长,√è√ü√Ñ√å√≤√∫√é¬∞√∫√è√∂¬•√è√ØŒ©√é‚àû¬©,https://www.youtube.com/channel/UCNXlNu1lxC9F2Hsr1FD9D5A,47600,55600,8000,16.81,5,5,2025-12-15 03:53:12
📈 稳定增长,Broken heart,https://www.youtube.com/channel/UCAINo8mpmd8f_4fTA5T2zww,34500,39900,5400,15.65,5,5,2026-01-08 04:09:40
📈 稳定增长,NicoReacts,https://www.youtube.com/channel/UCs9ANEOywGJqoplZ1_a9z6w,26500,37600,11100,41.89,5,7,2026-01-24 03:44:14
📈 稳定增长,Guy Stein,https://www.youtube.com/channel/UC4BqaAbkRuvy87t9-kasHpQ,17800,28700,10900,61.24,5,7,2026-01-24 03:44:24
📈 稳定增长,House of El,https://www.youtube.com/channel/UCJ52xpIoq5aKaIU_ZP40-nQ,76800,87300,10500,13.67,5,7,2026-01-24 03:44:57
📈 稳定增长,Crónica Militar,https://www.youtube.com/channel/UC1Ec1uT8fwtBGvg96FpK9-Q,58500,66500,8000,13.68,5,7,2026-01-24 03:45:53
📈 稳定增长,Dime HectorG,https://www.youtube.com/channel/UC_lxdLazbiLB_83meYjpCLw,71000,78200,7200,10.14,5,7,2026-01-24 03:46:05
📈 稳定增长,Nátane TikTok,https://www.youtube.com/channel/UC0n0hHCOVTwva4ytY_rRtLA,69600,78500,8900,12.79,5,7,2026-01-24 03:46:09
📈 稳定增长,シャープ公式チャンネル SHARP,https://www.youtube.com/channel/UCyO-5z7HgokQwzdniinnngA,255000,278000,23000,9.02,5,7,2026-01-24 03:46:15
📈 稳定增长,17anuX,https://www.youtube.com/channel/UC6lRgT3YSSuAh_cbgI6LhxQ,43600,61400,17800,40.83,5,7,2026-01-24 03:46:42
📈 稳定增长,Epic Warz,https://www.youtube.com/channel/UCOHIji82qHAOULvzri2MV-w,38500,44300,5800,15.06,5,7,2026-01-24 03:46:52
📈 稳定增长,Zinz,https://www.youtube.com/channel/UCnye0Xl8iIwDgql_VhbIxQQ,38700,53700,15000,38.76,5,7,2026-01-24 03:47:14
📈 稳定增长,水晶姐 BuyinMel™墨尔本买家中介,https://www.youtube.com/channel/UC17dKN5TZINj6_JR0l442QA,57700,66400,8700,15.08,5,7,2026-01-24 03:47:20
📈 稳定增长,La Juntada de los Artistas,https://www.youtube.com/channel/UCsqe8NxFBVyypd7AKxScpwA,37800,43600,5800,15.34,5,7,2026-01-24 03:47:32
📈 稳定增长,Gamboa News,https://www.youtube.com/channel/UCi19J0eYFbVNTvsHUF8UtvQ,72300,93400,21100,29.18,5,7,2026-01-24 03:47:37
📈 稳定增长,โชคดีจัง 🍀,https://www.youtube.com/channel/UCWdadqkLq918qgXeXWFLwNw,80500,92700,12200,15.16,5,7,2026-01-24 03:47:53
📈 稳定增长,Epie Sann,https://www.youtube.com/channel/UCVWigGTYwS0al32Mjb7Da3Q,38900,60400,21500,55.27,5,7,2026-01-24 03:47:57
📈 稳定增长,股市勝投王 陳韋廷,https://www.youtube.com/channel/UC-cgRKflcFyJYZwZPAo53yg,37900,43100,5200,13.72,5,7,2026-01-24 03:48:09
📈 稳定增长,iDrama - Ver películas y series en streaming,https://www.youtube.com/channel/UCihhZHYZVOVLAUDtg0FxbXA,75600,97500,21900,28.97,5,7,2026-01-24 03:48:16
📈 稳定增长,Vintage-Motorcycles,https://www.youtube.com/channel/UCSYZyNPdmRifLFitwbFJAwA,74700,83200,8500,11.38,5,7,2026-01-24 03:48:19
📈 稳定增长,Yaris Gaming,https://www.youtube.com/channel/UCsWdXN8v0v1P7TPqM6aBIiA,223000,240000,17000,7.62,5,7,2026-01-24 03:48:39
📈 稳定增长,Stag,https://www.youtube.com/channel/UCWz3dBFoyohD5kks8Z_W07Q,61400,67800,6400,10.42,5,7,2026-01-24 03:48:43
📈 稳定增长,Plant based recipes,https://www.youtube.com/channel/UCZrmzoDLtoJ_QgjPMP0He3g,33000,42100,9100,27.58,5,7,2026-01-24 03:49:09
📈 稳定增长,Esencia Divina,https://www.youtube.com/channel/UCFWfcAjokpJHwKBKXuScOww,112000,123000,11000,9.82,5,7,2026-01-24 03:49:24
📈 稳定增长,St4rry,https://www.youtube.com/channel/UCPIupXAuTkGxuscx80pEJkw,31800,40000,8200,25.79,5,7,2026-01-24 03:49:38
📈 稳定增长,Buen drama corto,https://www.youtube.com/channel/UCTjyEu1PKpC3h7GBRZ26GgA,20400,34800,14400,70.59,5,7,2026-01-24 03:49:43
📈 稳定增长,2D Master Linn,https://www.youtube.com/channel/UCvIEgFPabRiKPdeS900XOvA,92500,101000,8500,9.19,5,7,2026-01-24 03:49:57
📈 稳定增长,채널 소개 WhisperGirls ASMR,https://www.youtube.com/channel/UCsvBhH9LEL7HF-h1OtHC28g,66600,76500,9900,14.86,5,7,2026-01-24 03:50:23
📈 稳定增长,緬甸華僑香香翡翠,https://www.youtube.com/channel/UCVftrORPq6lKBOOiGH4MCAA,31200,36500,5300,16.99,5,7,2026-01-24 03:50:25
📈 稳定增长,くらしのラボ,https://www.youtube.com/channel/UCGSXwlnTWgcf6wHoekOlq-Q,129000,141000,12000,9.3,5,7,2026-01-24 03:51:08
📈 稳定增长,しゃれこめカナメストーン,https://www.youtube.com/channel/UCgi3CyEcNnxQqV4zetLSeLQ,45200,51400,6200,13.72,5,7,2026-01-24 03:51:09
📈 稳定增长,루제이,https://www.youtube.com/channel/UCMUy31CAuDHYzhqx5v8Pa8A,24000,35700,11700,48.75,5,7,2026-01-24 03:51:18
📈 稳定增长,트로트 플러스,https://www.youtube.com/channel/UC3OCuI24VH4YCRiRku9rUfw,46000,51400,5400,11.74,5,7,2026-01-24 03:51:21
📈 稳定增长,Mr Jones Watches,https://www.youtube.com/channel/UCM-oD4VqW9ktLYmEcUMVFQg,16500,28300,11800,71.52,5,7,2026-01-24 03:51:36
📈 稳定增长,Monthly Missions,https://www.youtube.com/channel/UCoqET10psgrr1zK3U5uH3rQ,106000,116000,10000,9.43,5,7,2026-01-24 03:51:55
📈 稳定增长,Bravyson Vconk,https://www.youtube.com/channel/UC-Q4j_hagFgdLnN8XqcXicQ,59100,68700,9600,16.24,5,7,2026-01-24 03:52:13
📈 稳定增长, Mini Day ละครสั้น,https://www.youtube.com/channel/UCOD9jJiLN98YfWhiSTj0itQ,34300,46000,11700,34.11,5,7,2026-01-24 03:52:17
📈 稳定增长,ミノワールド,https://www.youtube.com/channel/UCAZITIm8EceOotawhieipTg,30400,41200,10800,35.53,5,7,2026-01-24 03:52:51
📈 稳定增长,ルシノ / rusino,https://www.youtube.com/channel/UCjuAuVO76nZ0mjYzdz3961Q,42700,51200,8500,19.91,5,7,2026-01-24 03:52:55
📈 稳定增长,MeowFilmz,https://www.youtube.com/channel/UCOGix3d8Du27zcO2tIiN9UA,34200,48700,14500,42.4,5,7,2026-01-24 03:52:57
📈 稳定增长,Georgie and Winnie,https://www.youtube.com/channel/UCiXQXJnIC_LF7Dh9CG0vLLA,38200,55700,17500,45.81,5,7,2026-01-24 03:52:59
📈 稳定增长,Drama Clips Hub,https://www.youtube.com/channel/UCAx9ggCIBNzsWmb0NmzI_aA,131000,144000,13000,9.92,5,7,2026-01-24 03:53:11
📈 稳定增长,Guga Inspire,https://www.youtube.com/channel/UCAw9X1OTsqV5bFyYGTMGXIw,67100,74300,7200,10.73,5,7,2026-01-24 03:53:13
📈 稳定增长,Melbourne Wife,https://www.youtube.com/channel/UCJVUC6bgd_tAye34uI7Qgog,26800,34300,7500,27.99,5,7,2026-01-24 03:53:23
📈 稳定增长,Cami Valero,https://www.youtube.com/channel/UCeTnpKnMEJBqz-Yd1G0tm-Q,29800,36400,6600,22.15,5,7,2026-01-24 03:53:31
📈 稳定增长,Coffee Afro House,https://www.youtube.com/channel/UCEHxWGT7n4GxQ7swaPLSNEA,14700,23600,8900,60.54,5,7,2026-01-24 03:53:36
📈 稳定增长,ရဲဘော်ET,https://www.youtube.com/channel/UC3Wqr2LUQqfpnqyW-Jl0a6A,58200,67900,9700,16.67,5,7,2026-01-24 03:53:52
📈 稳定增长,บุรีรัมย์,https://www.youtube.com/channel/UCRYRN5fXRwE0NYgpZS7LI7A,18300,23900,5600,30.6,5,7,2026-01-24 03:53:55
📈 稳定增长,토스·오픽 미리보기 : 무제한 모의고사,https://www.youtube.com/channel/UCM3tLoZICNMfrAkfB-OAq1g,69900,84700,14800,21.17,5,7,2026-01-24 03:54:38
📈 稳定增长,BRYAN SMITH LEVRAI,https://www.youtube.com/channel/UCMrDlsriyVgJ5BUL9rQbGTA,47300,56900,9600,20.3,5,7,2026-01-24 03:54:50
📈 稳定增长,BIGTOON NEWS NETWORK,https://www.youtube.com/channel/UCsTcSMPb1IZaUw9oELsPy2Q,108000,118000,10000,9.26,5,7,2026-01-24 03:55:02
📈 稳定增长,Prof. Imam Syed Badiuddin Soharwardy,https://www.youtube.com/channel/UCvIHuI4_caRWiwn_06Ojvbg,25400,33200,7800,30.71,5,7,2026-01-24 03:55:08
📈 稳定增长,TerrenceIDK,https://www.youtube.com/channel/UCfCm7FnCHm8I03i3yTsAGPA,128000,139000,11000,8.59,5,7,2026-01-24 03:55:29
📈 稳定增长,Delicious Fruit Mochi,https://www.youtube.com/channel/UC23xVy0GBgKg2iOsuo-2HZg,13700,28900,15200,110.95,5,7,2026-01-24 03:55:35
📈 稳定增长,ARCdraws,https://www.youtube.com/channel/UCPkTOCj-Jrl1K_u7yXO-uyA,35600,42900,7300,20.51,5,7,2026-01-24 03:55:43
📈 稳定增长,FP1級パパこみやまのこみやまFP総合オフィス,https://www.youtube.com/channel/UCRfvvN--iV8kXJYqhVTn10g,68200,76000,7800,11.44,5,7,2026-01-24 03:56:15
📈 稳定增长,EC 2D Formula,https://www.youtube.com/channel/UCexTT7ZIAhJ-7EdUWtc2e5w,14400,24600,10200,70.83,5,7,2026-01-24 03:56:19
📈 稳定增长,Solar Akademie,https://www.youtube.com/channel/UCX7sc_pnQkCMTApbS5rjKMA,59600,68300,8700,14.6,5,7,2026-01-24 03:56:28
📈 稳定增长,Daniel Robert - Électronique Générale ,https://www.youtube.com/channel/UCgBjg21yGeh_hCNCYaTzr-Q,27900,34200,6300,22.58,5,7,2026-01-24 03:56:29
📈 稳定增长,Philippe Fabry,https://www.youtube.com/channel/UCD9VNJ1Yy4zAOLZs6A9SURw,63600,80200,16600,26.1,5,7,2026-01-24 03:56:30
📈 稳定增长,IPSE Worship,https://www.youtube.com/channel/UCZjTrHcNOcTA3RNYOOys3tw,10800,21700,10900,100.93,5,7,2026-01-24 03:56:33
📈 稳定增长,Tibson,https://www.youtube.com/channel/UCL8Kzi_P0OO-JO0LVlQCKTg,180000,194000,14000,7.78,5,7,2026-01-24 03:56:35
📈 稳定增长,pauet_9,https://www.youtube.com/channel/UC2A158wJDoLBed9kcpSZ2Og,14600,35000,20400,139.73,5,7,2026-01-24 03:56:37
📈 稳定增长,Arturo Zarzalejo,https://www.youtube.com/channel/UC9h5heKFR7KaoLSzjWIIxjw,31900,41400,9500,29.78,5,7,2026-01-24 03:56:38
📈 稳定增长,JGAO,https://www.youtube.com/channel/UCuu8TaJ-CPGV0_dJ-7OEY3A,115000,124000,9000,7.83,5,7,2026-01-24 03:56:45
📈 稳定增长,Bala Vaidyanath,https://www.youtube.com/channel/UCjjsPum3-Ugu3f0WAnlFL5g,64600,73600,9000,13.93,5,7,2026-01-24 03:56:47
📈 稳定增长,Jhordant555,https://www.youtube.com/channel/UCqWO26-B2Z3LgckXrWrrslw,90500,100000,9500,10.5,5,7,2026-01-24 03:57:01
📈 稳定增长,Ace Moment,https://www.youtube.com/channel/UCIwAft-Yqhb3s0aY54s7TNw,22300,34600,12300,55.16,5,7,2026-01-24 03:57:19
📈 稳定增长,Maizen Family - Minecraft,https://www.youtube.com/channel/UCbrXm-i-YX9I8Q1WESC8xbQ,29600,35500,5900,19.93,5,7,2026-01-24 03:57:26
📈 稳定增长,龍巻ちせ / Tatsumaki Chise,https://www.youtube.com/channel/UCoW8qQy80mKH0RJTKAK-nNA,86100,96500,10400,12.08,5,4,2026-01-24 03:57:44
📈 稳定增长,사또의 경제 이야기,https://www.youtube.com/channel/UCYTzG803E2YrAXsmc56Jv4g,30700,36900,6200,20.2,5,4,2026-01-24 03:57:52
📈 稳定增长,Baobab Group,https://www.youtube.com/channel/UCquse2ZhcjI9WCvPH0EozLg,21800,37700,15900,72.94,5,4,2026-01-24 03:57:59
📈 稳定增长,PROMISE'S WORLD,https://www.youtube.com/channel/UCBnzyVtWpto8er41aryXkrw,146000,158000,12000,8.22,5,4,2026-01-24 03:58:03
📈 稳定增长,Ranvir,https://www.youtube.com/channel/UCEZjvEAW914IanlHov3jvHA,31,21600,21569,69577.42,5,4,2026-01-24 03:58:13
📈 稳定增长,EDUARDO DHARMA YOEL,https://www.youtube.com/channel/UCmaBhT1IBhfoCDOfiNKNgaA,57700,70500,12800,22.18,5,4,2026-01-24 03:58:20
📈 稳定增长,Tomaz ZabZa,https://www.youtube.com/channel/UCUyuyEwo-3hxUyisaMdMfOw,67900,79300,11400,16.79,5,4,2026-01-24 03:58:34
📈 稳定增长,味鬥士,https://www.youtube.com/channel/UCtDFt71Gjdr7uJ17XH5n0XQ,43600,57100,13500,30.96,5,4,2026-01-24 03:58:47
📈 稳定增长,ПАРАБЕЛЛУМ,https://www.youtube.com/channel/UCB2XzEt7Tn1uvtoJE5kHlRA,33900,41300,7400,21.83,5,4,2026-01-24 03:59:03
📈 稳定增长,桜葉 まあや / Sakuraba Maaya ,https://www.youtube.com/channel/UC_mScBt5H00zob2Qk8fZ0tg,52600,58400,5800,11.03,5,4,2026-01-24 03:59:12
📈 稳定增长,Mystic Video AI,https://www.youtube.com/channel/UC0tpBPe3PVzy7Xj3qf9D0FA,147000,161000,14000,9.52,5,4,2026-01-24 03:59:23
📈 稳定增长,LosolGoCrazy,https://www.youtube.com/channel/UCNu8PqbNYtxcXcg9Wb1SKWw,93800,101000,7200,7.68,5,4,2026-01-24 03:59:26
📈 稳定增长,AI:ON 에이아이온💡돈버는법💡,https://www.youtube.com/channel/UCRA-z2JEptpH4gbbcZ1XIKg,43800,49000,5200,11.87,5,4,2026-01-24 03:59:28
📈 稳定增长,Developing Medicine,https://www.youtube.com/channel/UCKL04_8DTczNJB73hOyFllA,80600,95600,15000,18.61,5,4,2026-01-24 03:59:31
📈 稳定增长,CINEMAnuel,https://www.youtube.com/channel/UCzPTf0OWQgv7shg0kz8YkbA,42700,59900,17200,40.28,5,4,2026-01-24 03:59:39
📈 稳定增长,CHRONIQUE,https://www.youtube.com/channel/UCReeD-dmxqN0GVeaU6ITfQQ,40100,49300,9200,22.94,5,4,2026-01-24 03:59:48
📈 稳定增长,TheDangehh,https://www.youtube.com/channel/UCzC6Ev9VdYaYRxNb-3DPn-Q,72000,83900,11900,16.53,5,4,2026-01-24 03:59:49
📈 稳定增长,Humanimation,https://www.youtube.com/channel/UCM-FImrA4N8Zc66etTd96QQ,48700,64600,15900,32.65,5,4,2026-01-24 03:59:50
📈 稳定增长,Exu Nathan ,https://www.youtube.com/channel/UCGiGQqPZbM90LMEdm5XnjJQ,47800,54400,6600,13.81,5,4,2026-01-24 03:59:54
📈 稳定增长,ParBlox,https://www.youtube.com/channel/UCls5JKYlKsXPMdzwESmZl1g,53700,60200,6500,12.1,5,4,2026-01-24 04:00:03
📈 稳定增长,Wrong Enough to Know Better,https://www.youtube.com/channel/UCW3DcbbLut-Kzlh92tzViqw,33300,39000,5700,17.12,5,4,2026-01-24 04:00:08
📈 稳定增长,水晶蜜蜜的蜜蜜基地,https://www.youtube.com/channel/UC_v65wTHr4jEish6v-3wLMQ,7490,12600,5110,68.22,5,4,2026-01-24 04:00:37
📈 稳定增长,Cueva De Abraham,https://www.youtube.com/channel/UC8EwPR7XXmiIIPl6SL15J-A,61700,68300,6600,10.7,5,3,2026-01-24 04:01:11
📈 稳定增长,【公式】デジモンカードゲーム チャンネル,https://www.youtube.com/channel/UCatja8aFvLzB5efQjBN0LuQ,45300,58700,13400,29.58,5,3,2026-01-24 04:01:18
📈 稳定增长,本多真梨子とここあ,https://www.youtube.com/channel/UC2TBAL1eMnXqksYObfjjHGg,72400,81500,9100,12.57,5,3,2026-01-24 04:01:21
📈 稳定增长,P1wiwi,https://www.youtube.com/channel/UCoycOEKKBxyRMcwFOG7aDow,66100,73300,7200,10.89,5,3,2026-01-24 04:01:31
📈 稳定增长,The Analyst,https://www.youtube.com/channel/UCIYKybs4Mj7ENCZtBcNqpXw,58800,66200,7400,12.59,5,3,2026-01-24 04:01:32
📈 稳定增长,Viral Fails,https://www.youtube.com/channel/UCkqaqXcIes9MJE5hSKANWtw,32000,37600,5600,17.5,5,3,2026-01-24 04:01:33
📈 稳定增长,Bharat Dharma Academy Limited,https://www.youtube.com/channel/UCgreTbu8rZSuCA5frK9nlfw,46400,54500,8100,17.46,5,3,2026-01-24 04:01:58
📈 稳定增长,Fineify,https://www.youtube.com/channel/UC4PngBWGTlph8FTSD8pCxqQ,34200,39800,5600,16.37,5,3,2026-01-24 04:02:05
📈 稳定增长,LÄNGRE LEVE DIN BIL,https://www.youtube.com/channel/UCNYP8O-yhQIrlWr8HOZpCdQ,44800,54300,9500,21.21,5,3,2026-01-24 04:02:41
📈 稳定增长,Wlochaty Arnold,https://www.youtube.com/channel/UCjgRWDUtbmWW_7Z3tf0k-aw,56800,62600,5800,10.21,5,3,2026-01-24 04:02:51
📈 稳定增长,Piero Luigi Carcerano,https://www.youtube.com/channel/UCviA-JfUz0F84gBDKIgd5Pg,117000,123000,6000,5.13,4,7,2026-01-24 03:45:09
📈 稳定增长,王者短劇堂 King’s Drama Hub,https://www.youtube.com/channel/UCrdGT5w9Y6UY_gu_BaeVr5A,11500,12700,1200,10.43,4,7,2026-01-24 03:45:39
📈 稳定增长,AllStreetFood,https://www.youtube.com/channel/UC36UR3xR3mWHfHIxqBkrXgg,37500,41800,4300,11.47,4,7,2026-01-24 03:46:13
📈 稳定增长,ゲーマーじゃないけど時生です【柄本時生】,https://www.youtube.com/channel/UCrS0I8_I0X5wkf-dMPy0zkQ,24500,27600,3100,12.65,4,7,2026-01-24 03:46:14
📈 稳定增长,マツヲタ動中記！,https://www.youtube.com/channel/UCt2MPRqjJBaIKIdp18azYLA,137000,145000,8000,5.84,4,7,2026-01-24 03:46:20
📈 稳定增长,たくまんBrainrot,https://www.youtube.com/channel/UCXEMKuBFgidont0ixII5zIw,14100,17800,3700,26.24,4,7,2026-01-24 03:46:22
📈 稳定增长,RYNZZ,https://www.youtube.com/channel/UCi6FBfNEgtberqP0IDVuGiQ,100000,106000,6000,6.0,4,7,2026-01-24 03:46:23
📈 稳定增长,Sinister End,https://www.youtube.com/channel/UC1K1yGOMePEQJplM3jU1epA,133000,142000,9000,6.77,4,7,2026-01-24 03:46:29
📈 稳定增长,Wilson,https://www.youtube.com/channel/UC0JfhV6l5qZJKRUovFAMw8A,154000,163000,9000,5.84,4,7,2026-01-24 03:46:31
📈 稳定增长,CheckBlox,https://www.youtube.com/channel/UCXikX2dp0ckFR8xj3bzvyug,107000,113000,6000,5.61,4,7,2026-01-24 03:46:32
📈 稳定增长,I Build Stuff,https://www.youtube.com/channel/UCvPX16dsLkRAzvGZKFiOl2Q,151000,162000,11000,7.28,4,7,2026-01-24 03:47:25
📈 稳定增长,Argentina Attorney Lawyer,https://www.youtube.com/channel/UC-oyn8eBMh5qdtv-onRh1dg,35000,39100,4100,11.71,4,7,2026-01-24 03:47:34
📈 稳定增长,ACE Official ,https://www.youtube.com/channel/UComJDzyNKVXVi6n9GAE_rsA,212000,224000,12000,5.66,4,7,2026-01-24 03:47:48
📈 稳定增长,Jamesjp Thailand,https://www.youtube.com/channel/UCyZ0Ap2TO8u58Z20S6ASlcQ,24000,26600,2600,10.83,4,7,2026-01-24 03:47:49
📈 稳定增长,EchoWoundMusic,https://www.youtube.com/channel/UCZgJ_0v7jcvqam-BmDmwzBw,25300,28000,2700,10.67,4,7,2026-01-24 03:48:25
📈 稳定增长,Klarfild,https://www.youtube.com/channel/UC21niuoi1uSEuMd5UNXJt5g,34700,39400,4700,13.54,4,7,2026-01-24 03:48:35
📈 稳定增长,Historias de la Abuela,https://www.youtube.com/channel/UCscEox2G3_qWifMytU3vAQg,23000,27200,4200,18.26,4,7,2026-01-24 03:48:50
📈 稳定增长,"小伝馬子のgut, me & biohack",https://www.youtube.com/channel/UCjbYZnTrx4K1kB-taFQ0grQ,35700,39500,3800,10.64,4,7,2026-01-24 03:48:55
📈 稳定增长,TrainYourBrain Girl & AI Educator,https://www.youtube.com/channel/UCsae0u1309BkVT2_-8cZujg,13300,15600,2300,17.29,4,7,2026-01-24 03:49:01
📈 稳定增长,Добзик,https://www.youtube.com/channel/UChewcsgtJ8AzBh65BmMqIMw,130000,137000,7000,5.38,4,7,2026-01-24 03:49:25
📈 稳定增长,Bandakadabra,https://www.youtube.com/channel/UCrdmme85g4PyWqfYL8UIK8Q,10600,12400,1800,16.98,4,7,2026-01-24 03:49:33
📈 稳定增长,Deakin University,https://www.youtube.com/channel/UCDok3dCAhtxDmXMiIhgyCow,210000,222000,12000,5.71,4,7,2026-01-24 03:49:34
📈 稳定增长,โรงละครจิ้งจอกวิญญาณ,https://www.youtube.com/channel/UCifdPXYvNEj4faKsnH_KWeQ,22000,25400,3400,15.45,4,7,2026-01-24 03:50:08
📈 稳定增长,Ahmad Playz,https://www.youtube.com/channel/UC_Gl9sqTm04BgQuXNOeFJrw,16700,21100,4400,26.35,4,7,2026-01-24 03:50:10
📈 稳定增长,大開眼界,https://www.youtube.com/channel/UCFemyEB1eh2CCBiw-BcTHkw,38400,42700,4300,11.2,4,7,2026-01-24 03:50:33
📈 稳定增长,ХРОНИКИ СУДЬБЫ,https://www.youtube.com/channel/UCQEUm2CjwjGz4OG_u1EwwAQ,72700,78600,5900,8.12,4,7,2026-01-24 03:50:34
📈 稳定增长,LOUD SPORTS TV,https://www.youtube.com/channel/UCKoR5G8MZ0Wvb_nq3Q1cRQA,210000,224000,14000,6.67,4,7,2026-01-24 03:50:56
📈 稳定增长,YouTubeフィットネス,https://www.youtube.com/channel/UCh4mgDXERAfG4uOrRfpEjwA,28300,32700,4400,15.55,4,7,2026-01-24 03:51:05
📈 稳定增长,REWIRE,https://www.youtube.com/channel/UC6merdM0gtSbJyfwT4e3AiQ,66700,71900,5200,7.8,4,7,2026-01-24 03:51:17
📈 稳定增长,이병훈소장TV,https://www.youtube.com/channel/UCoiBJkU9nUCszKChyDBw-wg,110000,116000,6000,5.45,4,7,2026-01-24 03:51:22
📈 稳定增长,out here.,https://www.youtube.com/channel/UCM1t7sRIwM2K2lTwNkJ7aig,26500,30500,4000,15.09,4,7,2026-01-24 03:51:27
📈 稳定增长,WECAN ,https://www.youtube.com/channel/UCuKkR-IAuJ-tfrLI1hIKMxg,19700,21800,2100,10.66,4,7,2026-01-24 03:51:31
📈 稳定增长,Ethealth ,https://www.youtube.com/channel/UC4jJ5fwi5VRTXPLe8PT3LHg,20700,23800,3100,14.98,4,7,2026-01-24 03:51:32
📈 稳定增长,The Gentle Bible,https://www.youtube.com/channel/UCCVdj0G6BLefbYbpxJe2H4A,23800,26500,2700,11.34,4,7,2026-01-24 03:51:39
📈 稳定增长,David Floyd,https://www.youtube.com/channel/UCzvLXbOSzZBfccyuR89iKxQ,13100,14700,1600,12.21,4,7,2026-01-24 03:51:41
📈 稳定增长,À Travers La Rétine ,https://www.youtube.com/channel/UC2k2RybqwWwM5wK42vo3T6w,15500,17100,1600,10.32,4,7,2026-01-24 03:51:45
📈 稳定增长,Michele Criscitiello,https://www.youtube.com/channel/UCqMqGlNVD9-zWtmppXZFUzA,11800,13900,2100,17.8,4,7,2026-01-24 03:51:49
📈 稳定增长,The Neuro Futurist with Prof Joel Pearson,https://www.youtube.com/channel/UCFTqnfc4PN2bYpahOT5ezCA,19200,23500,4300,22.4,4,7,2026-01-24 03:51:54
📈 稳定增长,Jo's Medicine Tarot,https://www.youtube.com/channel/UCiIYjBtfyPWrIb4onUDWgtg,32800,36500,3700,11.28,4,7,2026-01-24 03:51:56
📈 稳定增长,Dart,https://www.youtube.com/channel/UCoEqCUtWr6OTVa57SYpWtYw,14600,16500,1900,13.01,4,7,2026-01-24 03:52:09
📈 稳定增长,2D Live Chat,https://www.youtube.com/channel/UCtXuFWykz-HDXgbCiWm99oQ,63000,68200,5200,8.25,4,7,2026-01-24 03:52:15
📈 稳定增长,Burma Viral Two,https://www.youtube.com/channel/UCbr2FR2bhbp53k4YuXzOSAw,37500,41400,3900,10.4,4,7,2026-01-24 03:52:18
📈 稳定增长,Selangor Red Giants Esports,https://www.youtube.com/channel/UCjeJvQSSRUDmmlB4adTf6mQ,29400,34300,4900,16.67,4,7,2026-01-24 03:52:22
📈 稳定增长,Maestria Emocional,https://www.youtube.com/channel/UC9nbBpJ_fhbOq0AmgLKW7Cw,84200,92200,8000,9.5,4,7,2026-01-24 03:52:42
📈 稳定增长,セトカンちゃんねる / 瀬戸環奈 Kanna Seto Official,https://www.youtube.com/channel/UCEwnHAu91EWAUVaqcOttozw,146000,154000,8000,5.48,4,7,2026-01-24 03:52:48
📈 稳定增长,투밥스,https://www.youtube.com/channel/UCZnC5XlhVApnUjZk6h0zmLA,13100,17200,4100,31.3,4,7,2026-01-24 03:52:56
📈 稳定增长,Andy Waak,https://www.youtube.com/channel/UCmmDmhxzm-UCJecnq31rDAA,59700,65300,5600,9.38,4,7,2026-01-24 03:53:15
📈 稳定增长,Somos Fabuloso,https://www.youtube.com/channel/UCaQh8FH5ET2bZQ7rBTdFmUw,109000,117000,8000,7.34,4,7,2026-01-24 03:53:40
📈 稳定增长,ซีรีย์หนังสั้นจีน,https://www.youtube.com/channel/UCzrY8fE_DFFUCMc0IEMVOcg,122000,131000,9000,7.38,4,7,2026-01-24 03:53:51
📈 稳定增长,蕾夢總裁CEO,https://www.youtube.com/channel/UCd6aWjcmHQ2_ZRhcF6Uj4Ew,10500,11600,1100,10.48,4,7,2026-01-24 03:54:06
📈 稳定增长,RootsofLife,https://www.youtube.com/channel/UCYHBSrRaYl7kLmkH-v918PQ,12200,13500,1300,10.66,4,7,2026-01-24 03:54:10
📈 稳定增长,自信小雅,https://www.youtube.com/channel/UCReNDLWyk_ZT6JnddmnTBnA,11400,13000,1600,14.04,4,7,2026-01-24 03:54:13
📈 稳定增长,Rüya Gibi,https://www.youtube.com/channel/UC7-D9X3iPrg8KKcEtJAwhig,180000,191000,11000,6.11,4,7,2026-01-24 03:54:22
📈 稳定增长,Gabe Bult en Español,https://www.youtube.com/channel/UCirjRzWUKk55dmcvL0X0i4Q,15300,18300,3000,19.61,4,7,2026-01-24 03:54:25
📈 稳定增长,Octo Browser,https://www.youtube.com/channel/UCvdWJDAyXRzct2eYLquVNiQ,51700,56800,5100,9.86,4,7,2026-01-24 03:54:42
📈 稳定增长,Esprit Caché,https://www.youtube.com/channel/UC9MEG3leeamq7d0CL_HDa1A,12500,16300,3800,30.4,4,7,2026-01-24 03:54:48
📈 稳定增长,dayalitis,https://www.youtube.com/channel/UCvUHfx3dfryRsuaKKrPjoYg,203000,217000,14000,6.9,4,7,2026-01-24 03:54:51
📈 稳定增长,Recensione del film,https://www.youtube.com/channel/UCrCUwt-0JK8TyXgf_PWjarw,11100,14900,3800,34.23,4,7,2026-01-24 03:54:55
📈 稳定增长,IzPurble ,https://www.youtube.com/channel/UCPKEUpsHdcyrP2f8Y5avxnQ,144000,152000,8000,5.56,4,7,2026-01-24 03:55:01
📈 稳定增长,Scott Kuru,https://www.youtube.com/channel/UCciIaK7U68fNKcavaGn8Ztg,23700,28400,4700,19.83,4,7,2026-01-24 03:55:05
📈 稳定增长,Resurge TV,https://www.youtube.com/channel/UCnjiINnxOYC3uhqFr1yqaMg,17300,19100,1800,10.4,4,7,2026-01-24 03:55:23
📈 稳定增长,MrSad 17,https://www.youtube.com/channel/UCGUS15deGIm934CuenQueAg,95700,101000,5300,5.54,4,7,2026-01-24 03:55:26
📈 稳定增长,煦豐蒔光合唱團Shimmering Vocals,https://www.youtube.com/channel/UCAAh3Ui9Aj1UhLAPf_KyJcg,21700,24000,2300,10.6,4,7,2026-01-24 03:55:37
📈 稳定增长,Orara Chaos ch. 傲拉拉 迦厄司,https://www.youtube.com/channel/UCQR7PjAxuU0vpj-SfLwKugg,10700,12700,2000,18.69,4,7,2026-01-24 03:55:42
📈 稳定增长,小罗的健康养生食谱,https://www.youtube.com/channel/UCtHryRgqrfcE0rqs7HsvnDw,29800,33000,3200,10.74,4,7,2026-01-24 03:55:46
📈 稳定增长,Rambo Patrulla Espiritual ,https://www.youtube.com/channel/UCYsYjgu_QhsXuKMv_nXs30Q,34300,39100,4800,13.99,4,7,2026-01-24 03:56:11
📈 稳定增长,Perro de Familia,https://www.youtube.com/channel/UCVtJUp_4BSumCLBJG5yTiug,34800,39400,4600,13.22,4,7,2026-01-24 03:56:12
📈 稳定增长,be Aesthetic by Rodrigo Oscos,https://www.youtube.com/channel/UCsRVAHuAgBTreU5y-2QRaIA,46300,51100,4800,10.37,4,7,2026-01-24 03:56:14
📈 稳定增长,dnltjs,https://www.youtube.com/channel/UCjy7PTx-IZlsb8AyNaeB1wQ,24200,28300,4100,16.94,4,7,2026-01-24 03:56:22
📈 稳定增长,백세연구소,https://www.youtube.com/channel/UCoxyyhNexgRhK0yTUXJSBsQ,37200,41800,4600,12.37,4,7,2026-01-24 03:56:24
📈 稳定增长,Lets Tab 59,https://www.youtube.com/channel/UCJRISNKPIbURX02KRPT4I_w,26200,29800,3600,13.74,4,7,2026-01-24 03:56:26
📈 稳定增长,Le Revenu,https://www.youtube.com/channel/UCTtMOVyHOKHp4i7lrnTfsiw,12600,17000,4400,34.92,4,7,2026-01-24 03:56:31
📈 稳定增长,DrizzYT,https://www.youtube.com/channel/UCvXA50ZalZ0I-mxWarnGxLg,61000,66900,5900,9.67,4,7,2026-01-24 03:56:53
📈 稳定增长,La Palabra del Cordero,https://www.youtube.com/channel/UC6MSTk2QloZtq37mqTnxIFQ,10400,12200,1800,17.31,4,7,2026-01-24 03:57:02
📈 稳定增长,Daicreck RE,https://www.youtube.com/channel/UCGoy3jDkc_T9iuvHEeB9f7g,12400,13700,1300,10.48,4,7,2026-01-24 03:57:05
📈 稳定增长,เด็กหนวด,https://www.youtube.com/channel/UCtxY9lmvty_PIevpFBa1MAw,18200,20900,2700,14.84,4,7,2026-01-24 03:57:08
📈 稳定增长,Seram Ke Tidak?,https://www.youtube.com/channel/UCrFTbWktZSkH4Kh4X6BDxeg,85200,93500,8300,9.74,4,7,2026-01-24 03:57:10
📈 稳定增长,Prof Hystine,https://www.youtube.com/channel/UCZYMyht5hnupey04QQzouow,11800,13100,1300,11.02,4,7,2026-01-24 03:57:12
📈 稳定增长,海里游鱼1973,https://www.youtube.com/channel/UCBn0T_QqlBUMWOqYLNKEttA,10000,11600,1600,16.0,4,7,2026-01-24 03:57:20
📈 稳定增长,Momentix ,https://www.youtube.com/channel/UCi1SPnISaO43QfHrkVsEFgA,11300,12500,1200,10.62,4,7,2026-01-24 03:57:23
📈 稳定增长,RizQ Eats,https://www.youtube.com/channel/UC0d6dSc_n6AmGYHmM-75njg,12300,13900,1600,13.01,4,7,2026-01-24 03:57:24
📈 稳定增长,KubaNorek,https://www.youtube.com/channel/UCvgSODzPRc1Zs2GffM9t-sA,15300,17000,1700,11.11,4,7,2026-01-24 03:57:34
📈 稳定增长,Extreme Survival Stories,https://www.youtube.com/channel/UCq_e7utqXqmxS2nmeLNWoew,17300,19400,2100,12.14,4,7,2026-01-24 03:57:35
📈 稳定增长,Quizzy,https://www.youtube.com/channel/UCC7caSulu2gSntSLBgtdKMw,102000,109000,7000,6.86,4,4,2026-01-24 03:57:37
📈 稳定增长,Ratales,https://www.youtube.com/channel/UCPhbSH6NiFuKQAXyKp0RtZQ,82700,90200,7500,9.07,4,4,2026-01-24 03:57:43
📈 稳定增长,折乃りづ / Orino Riz,https://www.youtube.com/channel/UC1b6f_4Euw2JnZ6vcs9fjGQ,127000,135000,8000,6.3,4,4,2026-01-24 03:57:45
📈 稳定增长,Flashisan Gaming,https://www.youtube.com/channel/UCwnAzDRvpyUsAA5aDtplyHw,16600,20300,3700,22.29,4,4,2026-01-24 03:57:54
📈 稳定增长,TheMaxZC ,https://www.youtube.com/channel/UCBPgIeAIb1DzpjgokyiV0fA,12800,14200,1400,10.94,4,4,2026-01-24 03:58:27
📈 稳定增长,Ko Zin ,https://www.youtube.com/channel/UC2YSvTrw6Vtvm1kMZjr-k7Q,108000,115000,7000,6.48,4,4,2026-01-24 03:58:35
📈 稳定增长,剧好看,https://www.youtube.com/channel/UCXD336-t0joYDtOLsnUMpJw,11800,13200,1400,11.86,4,4,2026-01-24 03:58:43
📈 稳定增长,新加坡房产日记 Singapore Real estate Vlogger,https://www.youtube.com/channel/UCUGEat2mf5_lwtLeC6HEMWw,10700,11800,1100,10.28,4,4,2026-01-24 03:58:48
📈 稳定增长,ゲソブラック,https://www.youtube.com/channel/UC1vg_us6mbjJdmVxhBCl17w,110000,116000,6000,5.45,4,4,2026-01-24 03:59:14
📈 稳定增长,長嶋 修の「日本と世界の未来を読む」大人の再教育。本物の教養があなたを変える。,https://www.youtube.com/channel/UCOcQ68ppAk_ezdSNKzlP81Q,177000,190000,13000,7.34,4,4,2026-01-24 03:59:17
📈 稳定增长,森のコンテナハウスDIY,https://www.youtube.com/channel/UCGxCq7BZqUppuQqKpTaSWrA,66800,72100,5300,7.93,4,4,2026-01-24 03:59:20
📈 稳定增长,몸속보고서,https://www.youtube.com/channel/UCcJCDX3vibwMM2ayYbr69iA,10600,15300,4700,44.34,4,4,2026-01-24 03:59:27
📈 稳定增长,Australian Womens Life And Style ,https://www.youtube.com/channel/UC3PegwVc4_lw88w8Ch_MUFw,29800,32800,3000,10.07,4,4,2026-01-24 04:00:00
📈 稳定增长,Caleb,https://www.youtube.com/channel/UCPYfhX4giJkd705KYLFRhAA,13400,18300,4900,36.57,4,4,2026-01-24 04:00:04
📈 稳定增长,Teby Grasoso,https://www.youtube.com/channel/UCCGxjnnp0nd-0r1VBsUNP3A,13700,16100,2400,17.52,4,4,2026-01-24 04:00:14
📈 稳定增长,Ladeegaming,https://www.youtube.com/channel/UCXlfUN7aaBQH0ES64c-9grg,14000,16300,2300,16.43,4,4,2026-01-24 04:00:17
📈 稳定增长,Alma Bonita ,https://www.youtube.com/channel/UCKpGeEX4Xvkhvv2GXigjmkw,26600,29700,3100,11.65,4,4,2026-01-24 04:00:18
📈 稳定增长,Voz del Altísimo,https://www.youtube.com/channel/UCWN9sjzP2lelreXZsx9A3jw,10400,12200,1800,17.31,4,4,2026-01-24 04:00:20
📈 稳定增长,MayBe Official,https://www.youtube.com/channel/UCEncISlpG8Y1Lna4hvaXkHQ,64700,69900,5200,8.04,4,4,2026-01-24 04:00:26
📈 稳定增长,The Analytical Cook,https://www.youtube.com/channel/UCS2nY2Qjnu2TRBSBjXS7doQ,16800,18500,1700,10.12,4,4,2026-01-24 04:00:34
📈 稳定增长,小小折纸手工,https://www.youtube.com/channel/UCKGG4UUxdWHAsDmAUcP59MQ,11700,16700,5000,42.74,4,4,2026-01-24 04:00:48
📈 稳定增长,hk_wisdom,https://www.youtube.com/channel/UCTvajVQFz4wW0nXt7eTQcfQ,17800,20800,3000,16.85,4,4,2026-01-24 04:00:50
📈 稳定增长,Orange🍊,https://www.youtube.com/channel/UCoP5b_0C7hfEzUoJpSfsqbQ,22000,25300,3300,15.0,4,4,2026-01-24 04:00:54
📈 稳定增长,AI Rush Hour,https://www.youtube.com/channel/UC5o-sATfgW8YW7IH4yxIh7Q,10500,12300,1800,17.14,4,4,2026-01-24 04:00:57
📈 稳定增长,Rina JohnsonOfficial,https://www.youtube.com/channel/UCRFxhBYR3TNNcrYyKQwsPpA,20500,23800,3300,16.1,4,3,2026-01-24 04:01:07
📈 稳定增长,ponchitocomedy,https://www.youtube.com/channel/UCrBsmQEvStMrbl3Wo1LU9pA,87000,94900,7900,9.08,4,3,2026-01-24 04:01:23
📈 稳定增长,Noble Demon,https://www.youtube.com/channel/UC2X3FMgVqyn1XVdhLF-rmjg,105000,112000,7000,6.67,4,3,2026-01-24 04:01:35
📈 稳定增长,"normal nerd life - Gadgets, Technik und Tools",https://www.youtube.com/channel/UC5x43WfrBW_9_lrkuGY4hdQ,34300,38200,3900,11.37,4,3,2026-01-24 04:01:37
📈 稳定增长,Ryze,https://www.youtube.com/channel/UCrbYgSBXs1O5D7U7J8Y2elg,10700,11900,1200,11.21,4,3,2026-01-24 04:01:54
📈 稳定增长,Colin and Paige,https://www.youtube.com/channel/UCBZBmNHUXYW3DoQMCjUDrGg,90400,98300,7900,8.74,4,3,2026-01-24 04:02:03
📈 稳定增长,RX BITEC,https://www.youtube.com/channel/UC_9oIV6aaDF6_majyWA_2pQ,33800,38400,4600,13.61,4,3,2026-01-24 04:02:22
📈 稳定增长,Cornelius Tsen,https://www.youtube.com/channel/UCRy78KbiyrOdPq0Jg3rOZCQ,23000,25600,2600,11.3,4,3,2026-01-24 04:02:27
📈 稳定增长,璞之妍五分鐘,https://www.youtube.com/channel/UC_EMoxA3igvaoMskxd-gURw,11300,13500,2200,19.47,4,3,2026-01-24 04:02:33
📈 稳定增长,Quali Image films,https://www.youtube.com/channel/UCrX45rw50P-tLoxOMAycwDw,16600,19300,2700,16.27,4,3,2026-01-24 04:02:47
📈 稳定增长,Candy Mega,https://www.youtube.com/channel/UCm3AjvpmFI2sECV7DMnDtWQ,32100,35200,3100,9.66,3,4,2025-12-27 03:42:28
📈 稳定增长,Jwoo Live,https://www.youtube.com/channel/UCImABqr92ha-SESjV8RXvVw,150000,157000,7000,4.67,3,7,2026-01-24 03:45:59
📈 稳定增长,낯박살 스튜디오 ,https://www.youtube.com/channel/UCAatouKDGGXPZwvWt6ppkdQ,43100,46600,3500,8.12,3,7,2026-01-24 03:46:25
📈 稳定增长,Marco Zocket,https://www.youtube.com/channel/UC2J7-Jd5IK-8u-41nj9VwGg,53000,57400,4400,8.3,3,7,2026-01-24 03:46:43
📈 稳定增长,RFK1,https://www.youtube.com/channel/UCmTUTMJKBhOXziYm-RhREiw,144000,151000,7000,4.86,3,7,2026-01-24 03:46:51
📈 稳定增长,RobTipsTV,https://www.youtube.com/channel/UCt0oPyPFzbhWsgMEsqSfKqw,51600,55800,4200,8.14,3,7,2026-01-24 03:47:39
📈 稳定增长,Peregrino Soul,https://www.youtube.com/channel/UCrXl-U0cGWD_zcjX7SqMlpA,17300,18900,1600,9.25,3,7,2026-01-24 03:47:41
📈 稳定增长,CristianGG18,https://www.youtube.com/channel/UCKlUmRzkFT2TNLp2B9u6wLg,20700,22600,1900,9.18,3,7,2026-01-24 03:47:44
📈 稳定增长,Swiss Connection Watches,https://www.youtube.com/channel/UCC8OFh2paM6G1EImeHPLVAw,18500,20100,1600,8.65,3,7,2026-01-24 03:47:58
📈 稳定增长,Chapalang Original Music,https://www.youtube.com/channel/UCYsRI3mLa3bQaVdmdPhYbGQ,44800,48200,3400,7.59,3,7,2026-01-24 03:48:05
📈 稳定增长,SootheSpell,https://www.youtube.com/channel/UCSpME3AL46vjc14NtjDElZA,46600,50100,3500,7.51,3,7,2026-01-24 03:48:10
📈 稳定增长,Rob Akershoek - IT4IT / Digital Operating Model,https://www.youtube.com/channel/UCoXp9WMJah-lCAiQZj-kJtQ,16700,18300,1600,9.58,3,7,2026-01-24 03:48:22
📈 稳定增长,nck2310,https://www.youtube.com/channel/UCZWjI84_3sH5GxgE4y6Wf-A,19200,21100,1900,9.9,3,7,2026-01-24 03:48:27
📈 稳定增长,yackas,https://www.youtube.com/channel/UCM46cHjXJGOegAF2amie3RQ,24800,27000,2200,8.87,3,7,2026-01-24 03:49:55
📈 稳定增长,けばぶの動画倉庫,https://www.youtube.com/channel/UCkPgiuwBOaGWxxJyw3_BzTA,32100,34700,2600,8.1,3,7,2026-01-24 03:51:13
📈 稳定增长,Wisdom Islands ,https://www.youtube.com/channel/UCbASJrGJsg-gS3W-x1QvFUQ,40400,44100,3700,9.16,3,7,2026-01-24 03:51:35
📈 稳定增长,marcant,https://www.youtube.com/channel/UCMbiTMFu2Sm06aiKbxQ3ibg,289000,303000,14000,4.84,3,7,2026-01-24 03:51:37
📈 稳定增长,Reef Underground,https://www.youtube.com/channel/UC_ywhwTvcuIt54UvrxBJkHA,54500,58800,4300,7.89,3,7,2026-01-24 03:51:51
📈 稳定增长,Pastor Michael Williams ,https://www.youtube.com/channel/UCSy4aWK6RFXox1BT-3bvDIA,18300,20100,1800,9.84,3,7,2026-01-24 03:51:52
📈 稳定增长,SALMOS Y PROVERBIOS PALABRA PARA EL ALMA,https://www.youtube.com/channel/UCj5mt5yVjJpwLzkhsNomifw,19200,20800,1600,8.33,3,7,2026-01-24 03:52:01
📈 稳定增长,FlyWithCamilo,https://www.youtube.com/channel/UCKKXMz2Q9aax8N-e0PcVIYw,27300,29800,2500,9.16,3,7,2026-01-24 03:52:04
📈 稳定增长,อาจารย์เทียน ธรรมะและตำนาน,https://www.youtube.com/channel/UCkXOBAzNlO72_LNtowf0O_A,31000,33500,2500,8.06,3,7,2026-01-24 03:52:14
📈 稳定增长,เพชร พฤษภา,https://www.youtube.com/channel/UCbvu-7baQgb3F8DlYZwA5Fw,51700,56600,4900,9.48,3,7,2026-01-24 03:52:21
📈 稳定增长,IslamOmroep,https://www.youtube.com/channel/UCw2oGIWG_TW21A6wIiWkYUA,20600,22400,1800,8.74,3,7,2026-01-24 03:52:26
📈 稳定增长,Mr. Italiano Channel,https://www.youtube.com/channel/UCaVcry8RrKLLJqth5tRXZlg,11900,13000,1100,9.24,3,7,2026-01-24 03:53:19
📈 稳定增长, 일일 팟캐스트,https://www.youtube.com/channel/UCjO5DMAqijYcev792OHNR_Q,20600,22400,1800,8.74,3,7,2026-01-24 03:53:22
📈 稳定增长,寶可夢官方 廣東話動畫,https://www.youtube.com/channel/UCI_l5oEPv4DuAUcWpcVcuzg,21200,23100,1900,8.96,3,7,2026-01-24 03:54:08
📈 稳定增长,ビューティースタジアム,https://www.youtube.com/channel/UCZ2zVp5BwM4tIT111ppW4iA,55900,60100,4200,7.51,3,7,2026-01-24 03:54:34
📈 稳定增长,Max Khadar,https://www.youtube.com/channel/UCtJJNQ20ierLOoPKvKEuFNQ,172000,180000,8000,4.65,3,7,2026-01-24 03:54:39
📈 稳定增长,Mi-Ley News Oficial,https://www.youtube.com/channel/UCzL45E-bx4uGfmLBY_RJ8ow,10900,11900,1000,9.17,3,7,2026-01-24 03:55:09
📈 稳定增长,Hanx,https://www.youtube.com/channel/UCIisOPKHwiXSBVtnGv28SXQ,14900,16100,1200,8.05,3,7,2026-01-24 03:55:24
📈 稳定增长,RubyDD Official,https://www.youtube.com/channel/UCHNUD2eDwLwa71n0oJCQB1Q,40300,43500,3200,7.94,3,7,2026-01-24 03:55:28
📈 稳定增长,法禪山大光明寺,https://www.youtube.com/channel/UCDUeBdr058xvq3LnAOXVbvg,25300,27200,1900,7.51,3,7,2026-01-24 03:55:40
📈 稳定增长,阿龍玩AI-「小說漫畫館」,https://www.youtube.com/channel/UCubGbEgkxrN2DxAADwTGzHA,10500,11400,900,8.57,3,7,2026-01-24 03:55:41
📈 稳定增长,Egush,https://www.youtube.com/channel/UC_tMMlDIuboT0GK1McI7WFQ,48600,52400,3800,7.82,3,7,2026-01-24 03:56:48
📈 稳定增长,Rahana's vlog ,https://www.youtube.com/channel/UCg_cJYTeqvO1WabUYcwPMHA,31500,34400,2900,9.21,3,7,2026-01-24 03:57:25
📈 稳定增长,Slimey Fox,https://www.youtube.com/channel/UCJJUW7xlj9-_fRtaUSfCwaQ,12800,13800,1000,7.81,3,4,2026-01-24 03:58:08
📈 稳定增长,Fundación Nocedal,https://www.youtube.com/channel/UCCV_d9OZSMYlbL2kNM3Gylw,13200,14500,1300,9.85,3,4,2026-01-24 03:58:29
📈 稳定增长,musixmusix,https://www.youtube.com/channel/UCiQTijlJgUMzN5wZDvZuLnA,21200,23200,2000,9.43,3,4,2026-01-24 03:58:41
📈 稳定增长,보바 사운드 알케미,https://www.youtube.com/channel/UCPfrFppDY1rVhPsN8jiZJmg,11500,12400,900,7.83,3,4,2026-01-24 03:58:45
📈 稳定增长,Stefan 3D AI Lab,https://www.youtube.com/channel/UCRW08KcTVjXEmBzBsVl7XjA,46300,50300,4000,8.64,3,4,2026-01-24 03:58:55
📈 稳定增长,異論速報,https://www.youtube.com/channel/UCFkM0TdpuNKLmJUzO0QidWg,80900,86700,5800,7.17,3,4,2026-01-24 03:59:21
📈 稳定增长,Patrik Berg / Exzess,https://www.youtube.com/channel/UCHrtbRJWpF3WZwnE_wuSlWg,123000,129000,6000,4.88,3,4,2026-01-24 03:59:41
📈 稳定增长,Niyamika Dubey,https://www.youtube.com/channel/UCVMhh21MnySP6uVRDrm12Wg,12100,13100,1000,8.26,3,4,2026-01-24 03:59:43
📈 稳定增长,JJ Kwan TUBE,https://www.youtube.com/channel/UCqyHvokyyMw6bY7-zJcAXJQ,34800,38100,3300,9.48,3,4,2026-01-24 04:00:32
📈 稳定增长,ASMR Daily,https://www.youtube.com/channel/UCFyCqWwxCFbcO62cZPqeCwg,20900,22600,1700,8.13,3,4,2026-01-24 04:00:51
📈 稳定增长,RONAHI TV,https://www.youtube.com/channel/UCx6Dq9txYNy48TU5KipI92Q,27300,29600,2300,8.42,3,4,2026-01-24 04:00:59
📈 稳定增长,L-GANG Live,https://www.youtube.com/channel/UC1aQ-KcRfT4rhJ4WZgoOOpg,28300,31100,2800,9.89,3,3,2026-01-24 04:01:17
📈 稳定增长,Miftahul Ilm,https://www.youtube.com/channel/UCbyUgORENJtvHsLgw5vI2BQ,12600,13700,1100,8.73,3,3,2026-01-24 04:01:39
📈 稳定增长,Riccardo Danile,https://www.youtube.com/channel/UCrG3CXS6xQ5YoIZY42GW9sg,38600,41600,3000,7.77,3,3,2026-01-24 04:01:51
📈 稳定增长,Las hermanas de Severo,https://www.youtube.com/channel/UCoqudFCdoTjLXwt0ZqAEEVQ,23400,25100,1700,7.26,2,7,2026-01-24 03:44:43
📈 稳定增长,Relatos de Navarro,https://www.youtube.com/channel/UC7y0fvI2REL0kqu-JGttZeQ,15800,16600,800,5.06,2,7,2026-01-24 03:44:45
📈 稳定增长,T5 Satelital,https://www.youtube.com/channel/UCLmFcZGLOSetzpUhkRf-hqA,51300,53900,2600,5.07,2,7,2026-01-24 03:45:22
📈 稳定增长,Grindilow,https://www.youtube.com/channel/UCVYeSZbHm9eM3GmGGEPxANQ,13600,14600,1000,7.35,2,7,2026-01-24 03:45:24
📈 稳定增长,Scottish Watches,https://www.youtube.com/channel/UC6YvtgHld98PJKrekAYl9cg,43200,46200,3000,6.94,2,7,2026-01-24 03:46:36
📈 稳定增长,Country Angel,https://www.youtube.com/channel/UCDUahJ_UA2prGH2_lnGW1pA,28900,30400,1500,5.19,2,7,2026-01-24 03:47:02
📈 稳定增长,Multi DO GIRLS Italian,https://www.youtube.com/channel/UCbu4guJzyc7APaky2GAZ8DA,35500,37600,2100,5.92,2,7,2026-01-24 03:47:09
📈 稳定增长,ELAX al cubo,https://www.youtube.com/channel/UCJSUN2BBSpAHWvXZxuBEgvQ,23400,24900,1500,6.41,2,7,2026-01-24 03:47:33
📈 稳定增长,Zyly The Fox,https://www.youtube.com/channel/UCpffiU3YNiNxJNIPKP_DlJw,18200,19300,1100,6.04,2,7,2026-01-24 03:47:35
📈 稳定增长,Pedrot335,https://www.youtube.com/channel/UCeWdIOw57eY0eIH6ma1WbGQ,27000,28900,1900,7.04,2,7,2026-01-24 03:47:42
📈 稳定增长,Cooperadores de la Verdad (Católico),https://www.youtube.com/channel/UCib7Q2AlQC1slzKPalmMoWQ,27500,28900,1400,5.09,2,7,2026-01-24 03:47:46
📈 稳定增长,KingdomVibes08,https://www.youtube.com/channel/UCjiSvicDlQ7GmEgniKPfOvA,23100,24400,1300,5.63,2,7,2026-01-24 03:48:00
📈 稳定增长,Taleem for Sisters,https://www.youtube.com/channel/UCrW8wD7xtNU_gsLe5rg_42g,48200,51700,3500,7.26,2,7,2026-01-24 03:48:02
📈 稳定增长,BeamNGLN,https://www.youtube.com/channel/UCifc_HE6wWt_7p4yR4PxFmg,19500,20700,1200,6.15,2,7,2026-01-24 03:48:06
📈 稳定增长,禪心之道,https://www.youtube.com/channel/UCIq9-teE74zBJbNjymVxAFw,63300,67200,3900,6.16,2,7,2026-01-24 03:48:07
📈 稳定增长,青山探知,https://www.youtube.com/channel/UCEPIj5Ugy9eaqZ9ne_pxScQ,23000,24200,1200,5.22,2,7,2026-01-24 03:48:14
📈 稳定增长,Soy Angel Delgado,https://www.youtube.com/channel/UCdFbhmKEDHTPbD4q7dyYnyA,24300,25800,1500,6.17,2,7,2026-01-24 03:48:46
📈 稳定增长,Dj Harry SUD,https://www.youtube.com/channel/UCNL9igeFFKrVkqT9Ek7PxBQ,26600,28200,1600,6.02,2,7,2026-01-24 03:49:32
📈 稳定增长,MBALIK MANCING,https://www.youtube.com/channel/UCPbXLs5BkYHneDjOISB3TIA,74700,79100,4400,5.89,2,7,2026-01-24 03:49:56
📈 稳定增长,禪心悟道,https://www.youtube.com/channel/UCk7RAIjt70dTHskBFAKQSPQ,47000,49400,2400,5.11,2,7,2026-01-24 03:50:24
📈 稳定增长,Sam el Slime y su Taller Mágico,https://www.youtube.com/channel/UCM7c9J25u21qohuswIh24-w,67300,72200,4900,7.28,2,7,2026-01-24 03:50:59
📈 稳定增长,세대공감 사연드라마,https://www.youtube.com/channel/UCXMqVMRVQWc5WFR7FvWxGQA,38100,40900,2800,7.35,2,7,2026-01-24 03:51:19
📈 稳定增长,Eddy the Captain,https://www.youtube.com/channel/UCo4dHaLFCMCFqAV9SR_hjEQ,27700,29600,1900,6.86,2,7,2026-01-24 03:51:26
📈 稳定增长,Pedro el Opinador,https://www.youtube.com/channel/UC7uv438MoTS4PnOc5Vbh1ag,16200,17200,1000,6.17,2,7,2026-01-24 03:51:46
📈 稳定增长,Cruise Insider,https://www.youtube.com/channel/UCkGUzWwv7CmXRnb4gQwLprQ,34400,36500,2100,6.1,2,7,2026-01-24 03:52:00
📈 稳定增长,24H historias plus+,https://www.youtube.com/channel/UCXgT0YpQAA9Dro4G707TDew,12000,12800,800,6.67,2,7,2026-01-24 03:52:10
📈 稳定增长,MyshCat,https://www.youtube.com/channel/UCri9t6Phn6G31y-ss79B-ew,10400,11000,600,5.77,2,7,2026-01-24 03:52:28
📈 稳定增长,Prime Lens Studios TV,https://www.youtube.com/channel/UCAn3xRuIDKZjEgu1oc_p9TA,13600,14400,800,5.88,2,7,2026-01-24 03:52:32
📈 稳定增长,Okan Hocaoglu,https://www.youtube.com/channel/UCqfuosvtWBCY8o6ZpRi9DJg,52400,55800,3400,6.49,2,7,2026-01-24 03:52:35
📈 稳定增长,Никому не рассказывай,https://www.youtube.com/channel/UCtuhCShnfeUULG3OtyjJf9Q,38900,40900,2000,5.14,2,7,2026-01-24 03:52:38
📈 稳定增长,CATRA,https://www.youtube.com/channel/UCZuDKcV3KsdOlAHc3XCm5Wg,11500,12300,800,6.96,2,7,2026-01-24 03:53:41
📈 稳定增长,X Earth โลกไม่ลับ,https://www.youtube.com/channel/UC-xjJmgMKzjb4ODOnuuuZ-g,16200,17400,1200,7.41,2,7,2026-01-24 03:53:54
📈 稳定增长,Go diary's,https://www.youtube.com/channel/UCu1kgzG86p6KqSUfhKvfg_g,46700,49100,2400,5.14,2,7,2026-01-24 03:54:04
📈 稳定增长,Hitters Music Mx,https://www.youtube.com/channel/UCzJBc_TcC7RC8SYbYZrxLgg,81100,85900,4800,5.92,2,7,2026-01-24 03:54:24
📈 稳定增长,유그로,https://www.youtube.com/channel/UCj_Qjpp00f_Fjbn2P4bQzJA,40700,43100,2400,5.9,2,7,2026-01-24 03:54:37
📈 稳定增长,GamecenterVS,https://www.youtube.com/channel/UCNCYwFx_NdWvDi0HGJs3-Gw,43000,46000,3000,6.98,2,7,2026-01-24 03:54:46
📈 稳定增长,Este,https://www.youtube.com/channel/UCeJovcswED1vE19Sw0PdYKg,18000,19000,1000,5.56,2,7,2026-01-24 03:54:56
📈 稳定增长,DEN ON LINE,https://www.youtube.com/channel/UC_ZQ4ybfA805fonKtmT_lGw,12800,13600,800,6.25,2,7,2026-01-24 03:55:00
📈 稳定增长,Alan Kabod ,https://www.youtube.com/channel/UCmm3uc7tIFgMvq2Dtv-s18w,106000,111000,5000,4.72,2,7,2026-01-24 03:55:11
📈 稳定增长,陶晶瑩fun人生,https://www.youtube.com/channel/UCjzzHo_8nbtYajpICXb9INA,23900,25400,1500,6.28,2,7,2026-01-24 03:55:38
📈 稳定增长,Amgis,https://www.youtube.com/channel/UCFDQeOO3wq4rxSoO3n4TqPw,16500,17500,1000,6.06,2,7,2026-01-24 03:55:58
📈 稳定增长,율아바이올린 yula violin,https://www.youtube.com/channel/UC5-iJz8TH_6H51Ch_zPPApA,66600,70600,4000,6.01,2,7,2026-01-24 03:56:21
📈 稳定增长,Eat With Me,https://www.youtube.com/channel/UCp5ediyuTkoBMf6xV3QLU2A,41300,44300,3000,7.26,2,7,2026-01-24 03:57:11
📈 稳定增长,Kuliah Online,https://www.youtube.com/channel/UCvOwkGQB2oqUrpRoDnOHD5w,15500,16300,800,5.16,2,7,2026-01-24 03:57:14
📈 稳定增长,Ezra Neethings,https://www.youtube.com/channel/UCuMu1a1FXVOmg2L9wOwSYeA,47100,50600,3500,7.43,2,7,2026-01-24 03:57:30
📈 稳定增长,ガナイケ,https://www.youtube.com/channel/UCm2hOkf3o_NlmnLXEVyjxqQ,35500,37600,2100,5.92,2,4,2026-01-24 03:58:19
📈 稳定增长,El Americano 4KT,https://www.youtube.com/channel/UCZ8zyXQHB23R71svrdnM7Vg,44300,47500,3200,7.22,2,4,2026-01-24 03:58:26
📈 稳定增长,刃手堂Switch2,https://www.youtube.com/channel/UC3pbXv2ak6lUqLpqCBT1RMA,27200,28700,1500,5.51,2,4,2026-01-24 03:58:52
📈 稳定增长,Yato Manhwa,https://www.youtube.com/channel/UCmO5AmIa0nKz5vQwc7x7MRg,30500,32300,1800,5.9,2,4,2026-01-24 03:59:08
📈 稳定增长,にっぽんを真面目に考えるch,https://www.youtube.com/channel/UCCruo-KVM0xtugiwoXf7ahA,34400,36200,1800,5.23,2,4,2026-01-24 03:59:11
📈 稳定增长,온라인종합병원,https://www.youtube.com/channel/UCEyiirimPS7c8LfXnBibFJQ,15200,16000,800,5.26,2,4,2026-01-24 03:59:25
📈 稳定增长,clumzzii,https://www.youtube.com/channel/UCmOwsYHwxxH6Bk1NkSaERLg,25700,27600,1900,7.39,2,4,2026-01-24 03:59:59
📈 稳定增长,脑总MrBrain,https://www.youtube.com/channel/UC26hLZoe-haxcuLYxzWAiNg,65600,69300,3700,5.64,2,4,2026-01-24 04:00:07
📈 稳定增长,Austin Chou MooSun,https://www.youtube.com/channel/UC3hsgc8SHJs1RDMEZBCAccA,84700,89100,4400,5.19,2,4,2026-01-24 04:00:39
📈 稳定增长,國泰證期顧問,https://www.youtube.com/channel/UCea6VbCQ49X1ux7IvVzbrDQ,67400,72200,4800,7.12,2,4,2026-01-24 04:00:40
📈 稳定增长,ITECH Electronics,https://www.youtube.com/channel/UCeF6G-VXa77L0-rQw69xxVA,38500,41300,2800,7.27,2,4,2026-01-24 04:00:41
📈 稳定增长,岩漿 Blaze,https://www.youtube.com/channel/UCut6pqUK_1a4cp6pLsQE8TA,22600,23800,1200,5.31,2,4,2026-01-24 04:00:43
📈 稳定增长,Tim Ho 何偉立,https://www.youtube.com/channel/UCtfNPrmgvcddBCNyBq03eGw,96400,101000,4600,4.77,2,4,2026-01-24 04:00:46
📈 稳定增长,紅查館,https://www.youtube.com/channel/UCBgH-8cQMORbkIWNZ7OTGKg,14200,15000,800,5.63,2,4,2026-01-24 04:00:53
📈 稳定增长,Lukisa Art,https://www.youtube.com/channel/UCHJ3GkHNFtFibY0k01QZs1g,40600,42800,2200,5.42,2,4,2026-01-24 04:01:00
📈 稳定增长,로악령,https://www.youtube.com/channel/UCf2V0TcqLYLahIwzHl6Ujog,37100,39300,2200,5.93,2,3,2026-01-24 04:01:28
📈 稳定增长,Anifakt Gaming,https://www.youtube.com/channel/UCyS6zsz__H_gG4NaKdYvMJA,47900,51100,3200,6.68,2,3,2026-01-24 04:01:36
📈 稳定增长,Camihawke,https://www.youtube.com/channel/UC4TFt-3rlYfhc_WtlWWY30Q,94600,99600,5000,5.29,2,3,2026-01-24 04:01:49
📈 稳定增长,Il meteo Italia,https://www.youtube.com/channel/UCdrXLWYDUp1mjvT44lASNxw,71000,75200,4200,5.92,2,3,2026-01-24 04:01:53
📈 稳定增长,OnlyRobbb,https://www.youtube.com/channel/UC-3FZEkCX3BFiv_IFWNcMFA,29500,31200,1700,5.76,2,3,2026-01-24 04:01:59
📈 稳定增长,NPCtrolls,https://www.youtube.com/channel/UCZ1EaUNk9p6EnoT-WsrMZ4A,22600,24100,1500,6.64,2,3,2026-01-24 04:02:15
📈 稳定增长,AURORA CLIPS,https://www.youtube.com/channel/UC2s4dSI_YYM8n6MAYASp65Q,10800,11600,800,7.41,2,3,2026-01-24 04:02:17
📈 稳定增长,The Sports Corner,https://www.youtube.com/channel/UC3YnwPT9XwMc2aOAKKsBNTA,26200,27700,1500,5.73,2,3,2026-01-24 04:02:23
📈 稳定增长,Mr. Fossil 化石先生,https://www.youtube.com/channel/UCWDdlVi_vZTqfP2Tg1YRBbw,13700,14400,700,5.11,2,3,2026-01-24 04:02:35
📈 稳定增长,Luxury Los Cabos | The Cabo 100,https://www.youtube.com/channel/UCsTkf7mZCniMwEDv9qOYbvQ,13100,13700,600,4.58,1,7,2026-01-24 03:46:06
📈 稳定增长,Skullchef OG,https://www.youtube.com/channel/UCW9IfUeq7sZ3JMDzA-GWomA,95200,99500,4300,4.52,1,7,2026-01-24 03:47:03
📈 稳定增长,Mourad tahari مراد طهاري ,https://www.youtube.com/channel/UC6fq9S8XTErtd53lS1K_VLQ,16600,17400,800,4.82,1,7,2026-01-24 03:49:29
📈 稳定增长,Richo,https://www.youtube.com/channel/UCGyLTUH95bUGluG-nvXyFPA,15300,16000,700,4.58,1,7,2026-01-24 03:49:37
📈 稳定增长,Khit Thit Mandalay News,https://www.youtube.com/channel/UCMYMsOF6EUDPHD08T7xjQkQ,23000,24100,1100,4.78,1,7,2026-01-24 03:50:18
📈 稳定增长,雜書觀察室,https://www.youtube.com/channel/UCb8FJHbWQ1BDrGPUr1cuqxA,13000,13600,600,4.62,1,7,2026-01-24 03:50:31
📈 稳定增长,Telesur Yucatán,https://www.youtube.com/channel/UCGcPeE__7OhXf5uwGovp8ew,38600,40500,1900,4.92,1,7,2026-01-24 03:52:45
📈 稳定增长,BaSBA,https://www.youtube.com/channel/UCdFqJKoMAaB4q9RiYIDvXCg,33600,35200,1600,4.76,1,7,2026-01-24 03:53:29
📈 稳定增长,Cielo,https://www.youtube.com/channel/UCNkJevYXQcjTc70j45FXFjA,39800,41600,1800,4.52,1,7,2026-01-24 03:55:33
📈 稳定增长,Omi Camacho,https://www.youtube.com/channel/UCIaZLUjP3y3ED5JhVtdCPFQ,41600,43500,1900,4.57,1,7,2026-01-24 03:56:58
📈 稳定增长,RADIO,https://www.youtube.com/channel/UC44KI-5HYx4eFZF6gNsfEEw,28100,29500,1400,4.98,1,7,2026-01-24 03:57:16
📈 稳定增长,呆梦demo官方频道,https://www.youtube.com/channel/UCDRa_KGb76XByUt-ndbHQdA,58300,61200,2900,4.97,1,4,2026-01-24 03:58:49
📈 稳定增长,Even More Chuff,https://www.youtube.com/channel/UCPfmoUKeOxgRJ_yKMH_nHFw,69000,72400,3400,4.93,1,4,2026-01-24 03:59:37
📈 稳定增长,逼尬鳩owo,https://www.youtube.com/channel/UCxzfkkVhyxRUUx_lKjXc0fg,23600,24700,1100,4.66,1,4,2026-01-24 04:00:44
📈 稳定增长,立憲民主党,https://www.youtube.com/channel/UCghxR0rXQOH31bZwzTBY-yw,82400,86200,3800,4.61,1,3,2026-01-24 04:01:19
📈 稳定增长,mxim,https://www.youtube.com/channel/UC9YfC81nPG7nQ0t6OjfVBaw,72700,76000,3300,4.54,1,3,2026-01-24 04:01:42
📈 稳定增长,La Rodilla Cosmica,https://www.youtube.com/channel/UC3Poj1PmCy4bME0nn3WXiAQ,21200,22200,1000,4.72,1,3,2026-01-24 04:02:12
🔥 高潜力,Mighty Expert,https://www.youtube.com/channel/UCCCxVnSREAOgpURlJH-DNwQ,160000,223000,63000,39.38,8,7,2026-01-24 03:44:36
🔥 高潜力,Harishchand Gamer,https://www.youtube.com/channel/UCq9OOJKyMYWcdGosvFvPNbw,322000,409000,87000,27.02,8,7,2026-01-24 03:45:55
🔥 高潜力,Awesome Guy,https://www.youtube.com/channel/UCnwHK65ao0_4bNUSp9Jnk8A,196000,253000,57000,29.08,8,7,2026-01-24 03:46:28
🔥 高潜力,ΑΝΝΑ MARY PADRES EXPERTOS,https://www.youtube.com/channel/UCyaidPGzHDEhrmMkZ-qJ7qg,241000,292000,51000,21.16,8,6,2026-01-20 03:54:45
🔥 高潜力,Kidzy Music - كيدزي ميوزك,https://www.youtube.com/channel/UCoflk8IeA14Jr_NYn0hen-Q,241000,310000,69000,28.63,8,7,2026-01-24 03:50:47
🔥 高潜力,A.B.İ.,https://www.youtube.com/channel/UCSifzNCnyapTKmQPYs-SZvA,95100,147000,51900,54.57,8,7,2026-01-24 03:54:19
🔥 高潜力,Poko Blox,https://www.youtube.com/channel/UC0Hymj2m08ClKlmngjjynKA,88700,208000,119300,134.5,8,7,2026-01-24 03:56:07
🔥 高潜力,VINNIXP,https://www.youtube.com/channel/UCMbtnvUc4mvKQAzr6s2cXWw,89200,144000,54800,61.43,8,4,2026-01-24 03:57:38
🔥 高潜力,neelesh yadav karhal,https://www.youtube.com/channel/UC_6FLEVik3FOgAoywP8FWXA,12200,111000,98800,809.84,8,4,2026-01-24 03:58:58
🔥 高潜力,Latino Wall Street,https://www.youtube.com/channel/UCPBrt8oVwdualBaefgdD_AA,103000,166000,63000,61.17,8,3,2026-01-24 04:01:08
🔥 高潜力,Wendy Outdoors,https://www.youtube.com/channel/UCpnzfVWZrXeU5S0jrWSiIcw,241000,376000,135000,56.02,8,3,2026-01-24 04:02:02
